<?xml version="1.0"?>
<?mso-application progid="Excel.Sheet"?>
<Workbook xmlns="urn:schemas-microsoft-com:office:spreadsheet"
 xmlns:o="urn:schemas-microsoft-com:office:office"
 xmlns:x="urn:schemas-microsoft-com:office:excel"
 xmlns:dt="uuid:C2F41010-65B3-11d1-A29F-00AA00C14882"
 xmlns:ss="urn:schemas-microsoft-com:office:spreadsheet"
 xmlns:html="http://www.w3.org/TR/REC-html40">
 <DocumentProperties xmlns="urn:schemas-microsoft-com:office:office">
  <Title>Audio script template</Title>
  <Author>Maëlenn Lumineau</Author>
  <LastAuthor>BigFamily</LastAuthor>
  <LastPrinted>2003-10-30T09:38:41Z</LastPrinted>
  <Created>2002-06-17T19:14:00Z</Created>
  <LastSaved>2014-11-29T14:45:21Z</LastSaved>
  <Company>Electronic Arts</Company>
  <Version>14.00</Version>
 </DocumentProperties>
 <CustomDocumentProperties xmlns="urn:schemas-microsoft-com:office:office">
  <KSOProductBuildVer dt:dt="string">2052-9.1.0.4856</KSOProductBuildVer>
 </CustomDocumentProperties>
 <OfficeDocumentSettings xmlns="urn:schemas-microsoft-com:office:office">
  <AllowPNG/>
 </OfficeDocumentSettings>
 <ExcelWorkbook xmlns="urn:schemas-microsoft-com:office:excel">
  <SupBook>
   <Path>\DOCUME~1\jack\LOCALS~1\Temp\p4v\PC025 perforce 1666\data\Game02\Game\Languages\Copy of Dialog_Asset_List_Final_edit.xls</Path>
   <SheetName>DropDown</SheetName>
   <SheetName>Conversations</SheetName>
   <Xct>
    <Count>-2</Count>
    <SheetIndex>0</SheetIndex>
    <Crn>
     <Row>6</Row>
     <ColFirst>0</ColFirst>
     <ColLast>4</ColLast>
     <Text>clean</Text>
     <Text>TV</Text>
     <Text>radio (disturbed) </Text>
     <Text>radio (low)</Text>
     <Text>radio (heavy)</Text>
    </Crn>
    <Crn>
     <Row>9</Row>
     <ColFirst>0</ColFirst>
     <ColLast>41</ColLast>
     <Text>Player</Text>
     <Text>Barnes</Text>
     <Text>Hawker</Text>
     <Text>Sykes</Text>
     <Text>Johnson</Text>
     <Text>Cortez</Text>
     <Text>Beck</Text>
     <Text>Miller</Text>
     <Text>Baxter</Text>
     <Text>American scientist</Text>
     <Text>Shark</Text>
     <Text>Chia</Text>
     <Text>Kirovski</Text>
     <Text>Michaels</Text>
     <Text>Chang</Text>
     <Text>Marine Soldier a</Text>
     <Text>Marine Soldier b</Text>
     <Text>Chinese Soldier a</Text>
     <Text>Chinese Soldier b</Text>
     <Text>Chinese Soldier c</Text>
     <Text>Chinese Soldier d</Text>
     <Text>Chinese Soldier e</Text>
     <Text>Chinese Soldier f</Text>
     <Text>Chinese Officer a</Text>
     <Text>Chinese Officer b</Text>
     <Text>Chinese Scientist a</Text>
     <Text>Chinese Scientist b</Text>
     <Text>Chinese Scientist Female a</Text>
     <Text>Chinese Scientist Female b</Text>
     <Text>Filmcrew Member</Text>
     <Text>Morrison</Text>
     <Text>C17 Pilot a</Text>
     <Text>C17 Pilot b</Text>
     <Text>Submarine Commander Davis</Text>
     <Text>Pilot (camera)</Text>
     <Text>Bridge officer 1</Text>
     <Text>Bridge officer 2</Text>
     <Text>Carrier deck guide</Text>
     <Text>Jet Pilot</Text>
     <Text>VTOL Pilot</Text>
     <Text>Commander (camera)</Text>
     <Text>Team Two (camera)</Text>
    </Crn>
   </Xct>
  </SupBook>
  <WindowHeight>8295</WindowHeight>
  <WindowWidth>19200</WindowWidth>
  <WindowTopX>0</WindowTopX>
  <WindowTopY>0</WindowTopY>
  <RefModeR1C1/>
  <ProtectStructure>False</ProtectStructure>
  <ProtectWindows>False</ProtectWindows>
 </ExcelWorkbook>
 <Styles>
  <Style ss:ID="Default" ss:Name="Normal">
   <Alignment ss:Vertical="Bottom"/>
   <Font ss:FontName="Arial" x:Family="Swiss"/>
  </Style>
  <Style ss:ID="s62">
   <Font ss:FontName="굴림" x:CharSet="129" x:Family="Modern"/>
  </Style>
  <Style ss:ID="s63">
   <Alignment ss:Horizontal="Center" ss:Vertical="Top" ss:WrapText="1"/>
   <Borders>
    <Border ss:Position="Right" ss:LineStyle="Continuous" ss:Weight="1"/>
   </Borders>
  </Style>
  <Style ss:ID="s64">
   <Alignment ss:Horizontal="Center" ss:Vertical="Top" ss:WrapText="1"/>
   <Borders>
    <Border ss:Position="Bottom" ss:LineStyle="Continuous" ss:Weight="1"/>
    <Border ss:Position="Left" ss:LineStyle="Continuous" ss:Weight="1"/>
    <Border ss:Position="Right" ss:LineStyle="Continuous" ss:Weight="1"/>
    <Border ss:Position="Top" ss:LineStyle="Continuous" ss:Weight="1"/>
   </Borders>
   <Font ss:FontName="Courier New" x:Family="Modern" ss:Color="#FFFFFF" ss:Bold="1"/>
   <Interior ss:Color="#FFCC00" ss:Pattern="Solid"/>
  </Style>
  <Style ss:ID="s65">
   <Alignment ss:Horizontal="Center" ss:Vertical="Top" ss:WrapText="1"/>
   <Borders>
    <Border ss:Position="Bottom" ss:LineStyle="Continuous" ss:Weight="1"/>
    <Border ss:Position="Left" ss:LineStyle="Continuous" ss:Weight="1"/>
    <Border ss:Position="Right" ss:LineStyle="Continuous" ss:Weight="1"/>
    <Border ss:Position="Top" ss:LineStyle="Continuous" ss:Weight="1"/>
   </Borders>
   <Font ss:FontName="Courier New" x:Family="Modern" ss:Color="#FFFFFF" ss:Bold="1"/>
   <Interior ss:Color="#FF0000" ss:Pattern="Solid"/>
  </Style>
  <Style ss:ID="s66">
   <Alignment ss:Horizontal="Center" ss:Vertical="Top" ss:WrapText="1"/>
   <Borders>
    <Border ss:Position="Bottom" ss:LineStyle="Continuous" ss:Weight="1"/>
    <Border ss:Position="Left" ss:LineStyle="Continuous" ss:Weight="1"/>
    <Border ss:Position="Right" ss:LineStyle="Continuous" ss:Weight="1"/>
    <Border ss:Position="Top" ss:LineStyle="Continuous" ss:Weight="1"/>
   </Borders>
   <Font ss:FontName="굴림" x:CharSet="129" x:Family="Modern" ss:Color="#FFFFFF"
    ss:Bold="1"/>
   <Interior ss:Color="#FF0000" ss:Pattern="Solid"/>
  </Style>
  <Style ss:ID="s67">
   <Alignment ss:Horizontal="Center" ss:Vertical="Top" ss:WrapText="1"/>
  </Style>
  <Style ss:ID="s68">
   <Alignment ss:Vertical="Top" ss:WrapText="1"/>
   <Borders>
    <Border ss:Position="Bottom" ss:LineStyle="Continuous" ss:Weight="1"/>
    <Border ss:Position="Left" ss:LineStyle="Continuous" ss:Weight="1"/>
    <Border ss:Position="Right" ss:LineStyle="Continuous" ss:Weight="1"/>
    <Border ss:Position="Top" ss:LineStyle="Continuous" ss:Weight="1"/>
   </Borders>
  </Style>
  <Style ss:ID="s69">
   <Alignment ss:Horizontal="Center" ss:Vertical="Top" ss:WrapText="1"/>
   <Borders>
    <Border ss:Position="Bottom" ss:LineStyle="Continuous" ss:Weight="1"/>
    <Border ss:Position="Right" ss:LineStyle="Continuous" ss:Weight="1"/>
    <Border ss:Position="Top" ss:LineStyle="Continuous" ss:Weight="1"/>
   </Borders>
   <Font ss:FontName="Arial" x:Family="Swiss"/>
   <Interior ss:Color="#FFCC00" ss:Pattern="Solid"/>
  </Style>
  <Style ss:ID="s70">
   <Alignment ss:Vertical="Top" ss:WrapText="1"/>
   <Borders>
    <Border ss:Position="Bottom" ss:LineStyle="Continuous" ss:Weight="1"/>
    <Border ss:Position="Left" ss:LineStyle="Continuous" ss:Weight="1"/>
    <Border ss:Position="Right" ss:LineStyle="Continuous" ss:Weight="1"/>
    <Border ss:Position="Top" ss:LineStyle="Continuous" ss:Weight="1"/>
   </Borders>
   <Interior ss:Color="#FFCC00" ss:Pattern="Solid"/>
  </Style>
  <Style ss:ID="s71">
   <Alignment ss:Vertical="Top" ss:WrapText="1"/>
   <Borders>
    <Border ss:Position="Bottom" ss:LineStyle="Continuous" ss:Weight="1"/>
    <Border ss:Position="Left" ss:LineStyle="Continuous" ss:Weight="1"/>
    <Border ss:Position="Right" ss:LineStyle="Continuous" ss:Weight="1"/>
    <Border ss:Position="Top" ss:LineStyle="Continuous" ss:Weight="1"/>
   </Borders>
   <Font ss:FontName="굴림" x:CharSet="129" x:Family="Modern"/>
   <Interior ss:Color="#FFCC00" ss:Pattern="Solid"/>
  </Style>
  <Style ss:ID="s72">
   <Alignment ss:Vertical="Top" ss:WrapText="1"/>
   <Borders>
    <Border ss:Position="Right" ss:LineStyle="Continuous" ss:Weight="1"/>
   </Borders>
  </Style>
  <Style ss:ID="s73">
   <Alignment ss:Vertical="Top" ss:WrapText="1"/>
  </Style>
  <Style ss:ID="s74">
   <Alignment ss:Vertical="Top" ss:WrapText="1"/>
   <Font ss:FontName="굴림" x:CharSet="129" x:Family="Modern"/>
  </Style>
  <Style ss:ID="s75">
   <Alignment ss:Vertical="Bottom"/>
  </Style>
  <Style ss:ID="s76">
   <Alignment ss:Vertical="Bottom"/>
   <Font ss:FontName="굴림" x:CharSet="129" x:Family="Modern"/>
  </Style>
  <Style ss:ID="s77">
   <Alignment ss:Vertical="Top" ss:WrapText="1"/>
   <Font ss:FontName="Arial" x:Family="Swiss"/>
  </Style>
 </Styles>
 <Names>
  <NamedRange ss:Name="characters"
   ss:RefersTo="='\DOCUME~1\jack\LOCALS~1\Temp\p4v\PC025 perforce 1666\data\Game02\Game\Languages\[Copy of Dialog_Asset_List_Final_edit.xls]DropDown'!R10C1:R10C42"/>
  <NamedRange ss:Name="type"
   ss:RefersTo="='\DOCUME~1\jack\LOCALS~1\Temp\p4v\PC025 perforce 1666\data\Game02\Game\Languages\[Copy of Dialog_Asset_List_Final_edit.xls]DropDown'!R7C1:R7C5"/>
 </Names>
 <Worksheet ss:Name="Sheet1">
  <Names>
   <NamedRange ss:Name="Print_Area" ss:RefersTo="=Sheet1!R1C3:RC[3]"/>
  </Names>
  <Table ss:ExpandedColumnCount="6" ss:ExpandedRowCount="2574" x:FullColumns="1"
   x:FullRows="1">
   <Column ss:AutoFitWidth="0" ss:Width="13.5"/>
   <Column ss:AutoFitWidth="0" ss:Width="271.5"/>
   <Column ss:AutoFitWidth="0" ss:Width="194.25"/>
   <Column ss:StyleID="s62" ss:AutoFitWidth="0" ss:Width="199.5"/>
   <Column ss:AutoFitWidth="0" ss:Width="228"/>
   <Column ss:AutoFitWidth="0" ss:Width="264"/>
   <Row ss:AutoFitHeight="0" ss:Height="51">
    <Cell ss:StyleID="s63"/>
    <Cell ss:StyleID="s64"><Data ss:Type="String">KEY</Data></Cell>
    <Cell ss:StyleID="s65"><Data ss:Type="String">ORIGINAL TEXT</Data><NamedCell
      ss:Name="Print_Area"/></Cell>
    <Cell ss:StyleID="s66"><Data ss:Type="String">TRANSLATED TEXT</Data><NamedCell
      ss:Name="Print_Area"/></Cell>
    <Cell ss:StyleID="s67"><Data ss:Type="String">CONTEXT</Data></Cell>
   </Row>
   <Row ss:AutoFitHeight="0" ss:Height="14.25">
    <Cell ss:StyleID="s68"/>
    <Cell ss:StyleID="s69"/>
    <Cell ss:StyleID="s70"/>
    <Cell ss:StyleID="s71"/>
    <Cell ss:StyleID="s70"/>
   </Row>
   <Row ss:AutoFitHeight="0">
    <Cell ss:StyleID="s72"/>
    <Cell ss:StyleID="s73"><Data ss:Type="String">ID_HUD_OK</Data></Cell>
    <Cell ss:StyleID="s73"><Data ss:Type="String">OKAY</Data></Cell>
    <Cell ss:StyleID="s74"><Data ss:Type="String">확인</Data></Cell>
    <Cell ss:StyleID="s73"><Data ss:Type="String">Dialog user input options</Data></Cell>
   </Row>
   <Row ss:AutoFitHeight="0">
    <Cell ss:StyleID="s72"/>
    <Cell ss:StyleID="s73"><Data ss:Type="String">ID_HUD_YES</Data></Cell>
    <Cell ss:StyleID="s75"><Data ss:Type="String">YES</Data></Cell>
    <Cell ss:StyleID="s76"><Data ss:Type="String">예</Data></Cell>
    <Cell ss:StyleID="s73"><Data ss:Type="String">Dialog user input options</Data></Cell>
   </Row>
   <Row ss:AutoFitHeight="0">
    <Cell ss:StyleID="s72"/>
    <Cell ss:StyleID="s73"><Data ss:Type="String">ID_HUD_CANCEL</Data></Cell>
    <Cell ss:StyleID="s75"><Data ss:Type="String">CANCEL</Data></Cell>
    <Cell ss:StyleID="s76"><Data ss:Type="String">취소</Data></Cell>
    <Cell ss:StyleID="s73"><Data ss:Type="String">Dialog user input options</Data></Cell>
   </Row>
   <Row ss:AutoFitHeight="0">
    <Cell ss:StyleID="s72"/>
    <Cell ss:StyleID="s73"><Data ss:Type="String">ID_HUD_NO</Data></Cell>
    <Cell ss:StyleID="s75"><Data ss:Type="String">NO</Data></Cell>
    <Cell ss:StyleID="s76"><Data ss:Type="String">아니오</Data></Cell>
    <Cell ss:StyleID="s73"><Data ss:Type="String">Dialog user input options</Data></Cell>
   </Row>
   <Row ss:AutoFitHeight="0">
    <Cell ss:StyleID="s72"/>
    <Cell ss:StyleID="s73"><Data ss:Type="String">ID_HUD_IGNORE</Data></Cell>
    <Cell ss:StyleID="s75"><Data ss:Type="String">IGNORE</Data></Cell>
    <Cell ss:StyleID="s76"><Data ss:Type="String">무시</Data></Cell>
    <Cell ss:StyleID="s73"><Data ss:Type="String">Dialog user input options</Data></Cell>
   </Row>
   <Row ss:AutoFitHeight="0">
    <Cell ss:StyleID="s72"/>
    <Cell ss:StyleID="s73"><Data ss:Type="String">ID_HUD_RETRY</Data></Cell>
    <Cell ss:StyleID="s73"><Data ss:Type="String">RETRY</Data></Cell>
    <Cell ss:StyleID="s74"><Data ss:Type="String">재시도</Data></Cell>
    <Cell ss:StyleID="s73"><Data ss:Type="String">Dialog user input options</Data></Cell>
   </Row>
   <Row ss:AutoFitHeight="0">
    <Cell ss:StyleID="s72"/>
    <Cell ss:StyleID="s73"><Data ss:Type="String">ID_HUD_SAVING_CHECKPOINT</Data></Cell>
    <Cell ss:StyleID="s73"><Data ss:Type="String">SAVING GAME</Data></Cell>
    <Cell ss:StyleID="s74"><Data ss:Type="String">게임 저장 중</Data></Cell>
    <Cell ss:StyleID="s73"><Data ss:Type="String">Saving checkpoint message</Data></Cell>
   </Row>
   <Row ss:AutoFitHeight="0">
    <Cell ss:StyleID="s72"/>
    <Cell ss:StyleID="s73"><Data ss:Type="String">ID_HUD_POINTS_XP_TOTAL</Data></Cell>
    <Cell ss:StyleID="s73"><Data ss:Type="String">XP TOTAL</Data></Cell>
    <Cell ss:StyleID="s74"><Data ss:Type="String">총 경험치</Data></Cell>
    <Cell ss:StyleID="s73"><Data ss:Type="String">Total amount of XP the player has</Data></Cell>
   </Row>
   <Row ss:AutoFitHeight="0" ss:Height="25.5">
    <Cell ss:StyleID="s72"/>
    <Cell ss:StyleID="s73"><Data ss:Type="String">ID_HUD_POINTS_XP_EARNED</Data></Cell>
    <Cell ss:StyleID="s73"><Data ss:Type="String">XP EARNED</Data></Cell>
    <Cell ss:StyleID="s74"><Data ss:Type="String">획득 경험치</Data></Cell>
    <Cell ss:StyleID="s73"><Data ss:Type="String">Amount of XP earned in the previous round of combat</Data></Cell>
   </Row>
   <Row ss:AutoFitHeight="0">
    <Cell ss:StyleID="s72"/>
    <Cell ss:StyleID="s73"><Data ss:Type="String">ID_HUD_KILL_VARIATION</Data></Cell>
    <Cell ss:StyleID="s73"><Data ss:Type="String">X  KILL VARIATION</Data></Cell>
    <Cell ss:StyleID="s74"><Data ss:Type="String">X  처치 다양성</Data></Cell>
    <Cell ss:StyleID="s73"><Data ss:Type="String">Kill variation message</Data></Cell>
   </Row>
   <Row ss:AutoFitHeight="0">
    <Cell ss:StyleID="s72"/>
    <Cell ss:StyleID="s73"><Data ss:Type="String">ID_HUD_KILL_STREAK</Data></Cell>
    <Cell ss:StyleID="s73"><Data ss:Type="String">X  KILL STREAK</Data></Cell>
    <Cell ss:StyleID="s74"><Data ss:Type="String">X  연속 처치</Data></Cell>
    <Cell ss:StyleID="s73"><Data ss:Type="String">Kill streak message</Data></Cell>
   </Row>
   <Row ss:AutoFitHeight="0" ss:Height="25.5">
    <Cell ss:StyleID="s72"/>
    <Cell ss:StyleID="s73"><Data ss:Type="String">ID_HUD_COMBO_NAME</Data></Cell>
    <Cell ss:StyleID="s73"><Data ss:Type="String">CHAIN</Data></Cell>
    <Cell ss:StyleID="s74"><Data ss:Type="String">연속</Data></Cell>
    <Cell ss:StyleID="s73"><Data ss:Type="String">Number of successful attacks performed in sequence (so far)</Data></Cell>
   </Row>
   <Row ss:AutoFitHeight="0">
    <Cell ss:StyleID="s72"/>
    <Cell ss:StyleID="s73"><Data ss:Type="String">ID_HUD_PRESS_RBUMPER_TO_NAVIGATE</Data></Cell>
    <Cell ss:StyleID="s73"><Data ss:Type="String">NAVIGATE</Data></Cell>
    <Cell ss:StyleID="s74"><Data ss:Type="String">안내</Data></Cell>
    <Cell ss:StyleID="s73"><Data ss:Type="String">Button press for navigation.</Data></Cell>
   </Row>
   <Row ss:AutoFitHeight="0" ss:Height="25.5">
    <Cell ss:StyleID="s72"/>
    <Cell ss:StyleID="s73"><Data ss:Type="String">ID_HUD_DEFLECT</Data></Cell>
    <Cell ss:StyleID="s73"><Data ss:Type="String">DEFLECT ATTACK</Data></Cell>
    <Cell ss:StyleID="s74"><Data ss:Type="String">공격을 튕겨내십시오</Data></Cell>
    <Cell ss:StyleID="s73"><Data ss:Type="String">Message telling the player to press a button to deflect incoming attacks.</Data></Cell>
   </Row>
   <Row ss:AutoFitHeight="0" ss:Height="25.5">
    <Cell ss:StyleID="s72"/>
    <Cell ss:StyleID="s73"><Data ss:Type="String">ID_HUD_MP_REVIVEMESSAGE</Data></Cell>
    <Cell ss:StyleID="s73"><Data ss:Type="String">PLAYER INJURED - REVIVE HIM</Data></Cell>
    <Cell ss:StyleID="s74"><Data ss:Type="String">플레이어가 부상당했습니다 - 회복시키십시오</Data></Cell>
    <Cell ss:StyleID="s73"><Data ss:Type="String">Message saying that the other player needs to be revived</Data></Cell>
   </Row>
   <Row ss:AutoFitHeight="0" ss:Height="15.75">
    <Cell ss:StyleID="s72"/>
    <Cell ss:StyleID="s73"><Data ss:Type="String">ID_HUD_MP_REVIVE</Data></Cell>
    <Cell ss:StyleID="s73"><Data ss:Type="String">REVIVE PLAYER</Data></Cell>
    <Cell ss:StyleID="s74"><Data ss:Type="String">플레이어를 회복시키십시오</Data></Cell>
    <Cell ss:StyleID="s73"><Data ss:Type="String">Message telling the player which button to press to bring the other player back to health.</Data></Cell>
   </Row>
   <Row ss:AutoFitHeight="0">
    <Cell ss:StyleID="s72"/>
    <Cell ss:StyleID="s73"><Data ss:Type="String">ID_HUD_AMMO_BOX</Data></Cell>
    <Cell ss:StyleID="s75"><Data ss:Type="String">Press %b to pick up </Data></Cell>
    <Cell ss:StyleID="s76"><Data ss:Type="String">%b 를 누르면 줍습니다</Data></Cell>
    <Cell ss:StyleID="s73"><Data ss:Type="String">Message indicating the player can pickup ammo</Data></Cell>
   </Row>
   <Row ss:AutoFitHeight="0">
    <Cell ss:StyleID="s72"/>
    <Cell ss:StyleID="s73"><Data ss:Type="String">ID_HUD_NEW_MOVE</Data></Cell>
    <Cell ss:StyleID="s73"><Data ss:Type="String">NEW MOVE UNLOCKED: </Data></Cell>
    <Cell ss:StyleID="s74"><Data ss:Type="String">새로 잠금 해제된 동작: </Data></Cell>
    <Cell ss:StyleID="s73"><Data ss:Type="String">Messege when a new player move was unlocked</Data></Cell>
   </Row>
   <Row ss:AutoFitHeight="0">
    <Cell ss:StyleID="s72"/>
    <Cell ss:StyleID="s73"><Data ss:Type="String">ID_HUD_NEW_EQUIPMENT</Data></Cell>
    <Cell ss:StyleID="s73"><Data ss:Type="String">NEW EQUIPMENT UNLOCKED: </Data></Cell>
    <Cell ss:StyleID="s74"><Data ss:Type="String">새로 잠금 해제된 장비: </Data></Cell>
    <Cell ss:StyleID="s73"><Data ss:Type="String">Message when a new equipment was unlocked</Data></Cell>
   </Row>
   <Row ss:AutoFitHeight="0">
    <Cell ss:StyleID="s72"/>
    <Cell ss:StyleID="s73"><Data ss:Type="String">ID_HUD_NEW_COLLECTIBLE</Data></Cell>
    <Cell ss:StyleID="s73"><Data ss:Type="String">NEW COLLECTIBLE UNLOCKED: </Data></Cell>
    <Cell ss:StyleID="s74"><Data ss:Type="String">새로 잠금 해제된 수집품: </Data></Cell>
    <Cell ss:StyleID="s73"><Data ss:Type="String">Message when a new collectible was unlocked</Data></Cell>
   </Row>
   <Row ss:AutoFitHeight="0">
    <Cell ss:StyleID="s72"/>
    <Cell ss:StyleID="s73"><Data ss:Type="String">ID_HUD_NEW_ACHIEVEMENT</Data></Cell>
    <Cell ss:StyleID="s73"><Data ss:Type="String">NEW ACHIEVEMENT UNLOCKED: </Data></Cell>
    <Cell ss:StyleID="s74"><Data ss:Type="String">새로 잠금 해제된 업적: </Data></Cell>
    <Cell ss:StyleID="s73"><Data ss:Type="String">Message when a new achivement was unlocked</Data></Cell>
   </Row>
   <Row ss:AutoFitHeight="0" ss:Height="25.5">
    <Cell ss:StyleID="s72"/>
    <Cell ss:StyleID="s73"><Data ss:Type="String">ID_HUD_OBJECTIVE_FAILED</Data></Cell>
    <Cell ss:StyleID="s73"><Data ss:Type="String">OBJECTIVE FAILED</Data></Cell>
    <Cell ss:StyleID="s74"><Data ss:Type="String">목표 실패</Data></Cell>
    <Cell ss:StyleID="s73"><Data ss:Type="String">Message in the &quot;failed / died screen&quot; when the player fails / dies an objective</Data></Cell>
   </Row>
   <Row ss:AutoFitHeight="0">
    <Cell ss:StyleID="s72"/>
    <Cell ss:StyleID="s73"><Data ss:Type="String">ID_HUD_TIMELINE</Data></Cell>
    <Cell ss:StyleID="s73"><Data ss:Type="String">TIMELINE</Data></Cell>
    <Cell ss:StyleID="s74"><Data ss:Type="String">연대기</Data></Cell>
    <Cell ss:StyleID="s73"><Data ss:Type="String">Timeline label</Data></Cell>
   </Row>
   <Row ss:AutoFitHeight="0">
    <Cell ss:StyleID="s72"/>
    <Cell ss:StyleID="s73"><Data ss:Type="String">ID_HUD_MARIUS_DIED</Data></Cell>
    <Cell ss:StyleID="s73"><Data ss:Type="String">MARIUS IS DEFEATED</Data></Cell>
    <Cell ss:StyleID="s74"><Data ss:Type="String">마리우스가 패배했습니다</Data></Cell>
    <Cell ss:StyleID="s73"><Data ss:Type="String">Marius died message</Data></Cell>
   </Row>
   <Row ss:AutoFitHeight="0" ss:Height="25.5">
    <Cell ss:StyleID="s72"/>
    <Cell ss:StyleID="s73"><Data ss:Type="String">ID_HUD_PERMANENT_OBJECTIVE</Data></Cell>
    <Cell ss:StyleID="s73"><Data ss:Type="String">Permanent Objective</Data></Cell>
    <Cell ss:StyleID="s74"><Data ss:Type="String">영구 목표</Data></Cell>
    <Cell ss:StyleID="s73"><Data ss:Type="String">Text above the Permanent Objective Bar</Data></Cell>
   </Row>
   <Row ss:AutoFitHeight="0">
    <Cell ss:StyleID="s72"/>
    <Cell ss:StyleID="s73"><Data ss:Type="String">ID_HUD_AMUSED</Data></Cell>
    <Cell ss:StyleID="s73"><Data ss:Type="String">AMUSED</Data></Cell>
    <Cell ss:StyleID="s74"><Data ss:Type="String">즐거움</Data></Cell>
    <Cell ss:StyleID="s73"><Data ss:Type="String">Text below the GrowdBar</Data></Cell>
   </Row>
   <Row ss:AutoFitHeight="0">
    <Cell ss:StyleID="s72"/>
    <Cell ss:StyleID="s73"><Data ss:Type="String">ID_HUD_ENTRAPTURED</Data></Cell>
    <Cell ss:StyleID="s73"><Data ss:Type="String">ENRAPTURED</Data></Cell>
    <Cell ss:StyleID="s74"><Data ss:Type="String">매료됨</Data></Cell>
    <Cell ss:StyleID="s73"><Data ss:Type="String">Text below the GrowdBar</Data></Cell>
   </Row>
   <Row ss:AutoFitHeight="0">
    <Cell ss:StyleID="s72"/>
    <Cell ss:StyleID="s73"><Data ss:Type="String">ID_HUD_ENTERTAINED</Data></Cell>
    <Cell ss:StyleID="s73"><Data ss:Type="String">ENTERTAINED</Data></Cell>
    <Cell ss:StyleID="s74"><Data ss:Type="String">매우 즐거움</Data></Cell>
    <Cell ss:StyleID="s73"><Data ss:Type="String">Text below the GrowdBar</Data></Cell>
   </Row>
   <Row ss:AutoFitHeight="0">
    <Cell ss:StyleID="s72"/>
    <Cell ss:StyleID="s73"><Data ss:Type="String">ID_HUD_DISINTERESTED</Data></Cell>
    <Cell ss:StyleID="s73"><Data ss:Type="String">DISINTERESTED</Data></Cell>
    <Cell ss:StyleID="s74"><Data ss:Type="String">무관심</Data></Cell>
    <Cell ss:StyleID="s73"><Data ss:Type="String">Text below the GrowdBar</Data></Cell>
   </Row>
   <Row ss:AutoFitHeight="0">
    <Cell ss:StyleID="s72"/>
    <Cell ss:StyleID="s73"><Data ss:Type="String">ID_HUD_BORED</Data></Cell>
    <Cell ss:StyleID="s73"><Data ss:Type="String">BORED</Data></Cell>
    <Cell ss:StyleID="s74"><Data ss:Type="String">지루함</Data></Cell>
    <Cell ss:StyleID="s73"><Data ss:Type="String">Text below the GrowdBar</Data></Cell>
   </Row>
   <Row ss:AutoFitHeight="0">
    <Cell ss:StyleID="s72"/>
    <Cell ss:StyleID="s73"><Data ss:Type="String">ID_HUD_LEADER_TOGGLE</Data></Cell>
    <Cell ss:StyleID="s73"><Data ss:Type="String">TOGGLE</Data></Cell>
    <Cell ss:StyleID="s74"><Data ss:Type="String">전환</Data></Cell>
    <Cell ss:StyleID="s73"><Data ss:Type="String">Text next to the button player leader vision info box</Data></Cell>
   </Row>
   <Row ss:AutoFitHeight="0" ss:Height="25.5">
    <Cell ss:StyleID="s72"/>
    <Cell ss:StyleID="s73"><Data ss:Type="String">ID_HUD_DOG_TAG_COLLECTED</Data></Cell>
    <Cell ss:StyleID="s73"><Data ss:Type="String">NEW SCROLL COLLECTED</Data></Cell>
    <Cell ss:StyleID="s74"><Data ss:Type="String">새로운 두루마리를 수집했습니다</Data></Cell>
    <Cell ss:StyleID="s73"><Data ss:Type="String">HUD prompt for unlocking a new scroll</Data></Cell>
   </Row>
   <Row ss:AutoFitHeight="0">
    <Cell ss:StyleID="s72"/>
    <Cell ss:StyleID="s77"><Data ss:Type="String">ID_HUD_VISTA_COLLECTED</Data></Cell>
    <Cell ss:StyleID="s73"><Data ss:Type="String">NEW VISTA UNLOCKED</Data></Cell>
    <Cell ss:StyleID="s74"><Data ss:Type="String">새로운 풍경화를 잠금 해제했습니다</Data></Cell>
    <Cell ss:StyleID="s73"><Data ss:Type="String">HUD prompt for unlocking a new vista</Data></Cell>
   </Row>
   <Row ss:AutoFitHeight="0" ss:Height="13.5">
    <Cell ss:StyleID="s72"/>
    <Cell ss:StyleID="s77"><Data ss:Type="String">ID_HUD_COMIC_BOOK_COLLECTED</Data></Cell>
    <Cell ss:StyleID="s73"><Data ss:Type="String">CHRONICLE COLLECTED</Data></Cell>
    <Cell ss:StyleID="s74"><Data ss:Type="String">연대기를 수집했습니다</Data></Cell>
    <Cell ss:StyleID="s73"><Data ss:Type="String">HUD prompt for unlocking a new comic page</Data></Cell>
   </Row>
   <Row ss:AutoFitHeight="0" ss:Height="13.5">
    <Cell ss:StyleID="s72"/>
    <Cell ss:StyleID="s73"><Data ss:Type="String">ID_HUD_PRESS_TO_SKIP_CUTSCENE</Data></Cell>
    <Cell ss:StyleID="s73"><Data ss:Type="String">PRESS %b TO SKIP</Data></Cell>
    <Cell ss:StyleID="s74"><Data ss:Type="String">%b 를 누르면 건너뜁니다</Data></Cell>
    <Cell ss:StyleID="s73"><Data ss:Type="String">HUD prompt for skiping a cutscene</Data></Cell>
   </Row>
   <Row ss:AutoFitHeight="0">
    <Cell ss:StyleID="s72"/>
    <Cell ss:StyleID="s73"><Data ss:Type="String">ID_HUD_ATTACK</Data></Cell>
    <Cell ss:StyleID="s73"><Data ss:Type="String">ATTACK</Data></Cell>
    <Cell ss:StyleID="s74"><Data ss:Type="String">공격</Data></Cell>
    <Cell ss:StyleID="s73"><Data ss:Type="String">Rating category 1</Data></Cell>
   </Row>
   <Row ss:AutoFitHeight="0">
    <Cell ss:StyleID="s72"/>
    <Cell ss:StyleID="s73"><Data ss:Type="String">ID_HUD_DEFENSE</Data></Cell>
    <Cell ss:StyleID="s73"><Data ss:Type="String">DEFENSE</Data></Cell>
    <Cell ss:StyleID="s74"><Data ss:Type="String">방어</Data></Cell>
    <Cell ss:StyleID="s73"><Data ss:Type="String">Rating category 2</Data></Cell>
   </Row>
   <Row ss:AutoFitHeight="0" ss:Height="13.5">
    <Cell ss:StyleID="s72"/>
    <Cell ss:StyleID="s73"><Data ss:Type="String">ID_HUD_EXECUTIONS</Data></Cell>
    <Cell ss:StyleID="s73"><Data ss:Type="String">EXECUTIONS</Data></Cell>
    <Cell ss:StyleID="s74"><Data ss:Type="String">처형</Data></Cell>
    <Cell ss:StyleID="s73"><Data ss:Type="String">Rating category 3</Data></Cell>
   </Row>
   <Row ss:AutoFitHeight="0" ss:Height="13.5">
    <Cell ss:StyleID="s72"/>
    <Cell ss:StyleID="s73"><Data ss:Type="String">ID_HUD_TIME</Data></Cell>
    <Cell ss:StyleID="s73"><Data ss:Type="String">TIME</Data></Cell>
    <Cell ss:StyleID="s74"><Data ss:Type="String">시간</Data></Cell>
    <Cell ss:StyleID="s73"><Data ss:Type="String">Rating category 4</Data></Cell>
   </Row>
   <Row ss:AutoFitHeight="0" ss:Height="13.5">
    <Cell ss:StyleID="s72"/>
    <Cell ss:StyleID="s73"><Data ss:Type="String">ID_HUD_EXECUTIONTYPE_0</Data></Cell>
    <Cell ss:StyleID="s73"><Data ss:Type="String">DAMAGE BOOST</Data></Cell>
    <Cell ss:StyleID="s74"><Data ss:Type="String">대미지 증가</Data></Cell>
    <Cell ss:StyleID="s73"><Data ss:Type="String">execution reward type damage</Data></Cell>
   </Row>
   <Row ss:AutoFitHeight="0" ss:Height="13.5">
    <Cell ss:StyleID="s72"/>
    <Cell ss:StyleID="s73"><Data ss:Type="String">ID_HUD_EXECUTIONTYPE_1</Data></Cell>
    <Cell ss:StyleID="s73"><Data ss:Type="String">HEALTH REGAIN</Data></Cell>
    <Cell ss:StyleID="s74"><Data ss:Type="String">체력 회복</Data></Cell>
    <Cell ss:StyleID="s73"><Data ss:Type="String">execution reward type health</Data></Cell>
   </Row>
   <Row ss:AutoFitHeight="0" ss:Height="13.5">
    <Cell ss:StyleID="s72"/>
    <Cell ss:StyleID="s73"><Data ss:Type="String">ID_HUD_EXECUTIONTYPE_2</Data></Cell>
    <Cell ss:StyleID="s73"><Data ss:Type="String">FOCUS GAIN</Data></Cell>
    <Cell ss:StyleID="s74"><Data ss:Type="String">집중력 획득</Data></Cell>
    <Cell ss:StyleID="s73"><Data ss:Type="String">execution reward type focus</Data></Cell>
   </Row>
   <Row ss:AutoFitHeight="0" ss:Height="13.5">
    <Cell ss:StyleID="s72"/>
    <Cell ss:StyleID="s73"><Data ss:Type="String">ID_HUD_EXECUTIONTYPE_3</Data></Cell>
    <Cell ss:StyleID="s73"><Data ss:Type="String">XP BONUS</Data></Cell>
    <Cell ss:StyleID="s74"><Data ss:Type="String">경험치 보너스</Data></Cell>
    <Cell ss:StyleID="s73"><Data ss:Type="String">execution reward type xp</Data></Cell>
   </Row>
   <Row ss:AutoFitHeight="0" ss:Height="13.5">
    <Cell ss:StyleID="s72"/>
    <Cell ss:StyleID="s73"><Data ss:Type="String">ID_HUD_PERFECT_HIT</Data></Cell>
    <Cell ss:StyleID="s73"><Data ss:Type="String">PERFECT HIT</Data></Cell>
    <Cell ss:StyleID="s74"><Data ss:Type="String">완벽한 공격</Data></Cell>
    <Cell ss:StyleID="s73"><Data ss:Type="String">Shown when the player uses a perfectly timed attack</Data></Cell>
   </Row>
   <Row ss:AutoFitHeight="0" ss:Height="13.5">
    <Cell ss:StyleID="s72"/>
    <Cell ss:StyleID="s73"><Data ss:Type="String">ID_HUD_PERFECT_CHAIN</Data></Cell>
    <Cell ss:StyleID="s73"><Data ss:Type="String">PERFECT CHAIN</Data></Cell>
    <Cell ss:StyleID="s74"><Data ss:Type="String">완벽한 연속 공격</Data></Cell>
    <Cell ss:StyleID="s73"><Data ss:Type="String">Shown when the player has achieved several perfectly timed attacks in a row</Data></Cell>
   </Row>
   <Row ss:AutoFitHeight="0" ss:Height="13.5">
    <Cell ss:StyleID="s72"/>
    <Cell ss:StyleID="s73"><Data ss:Type="String">ID_HUD_CHECKPOINT_REACHED</Data></Cell>
    <Cell ss:StyleID="s73"><Data ss:Type="String">CHECKPOINT</Data></Cell>
    <Cell ss:StyleID="s74"><Data ss:Type="String">체크포인트</Data></Cell>
    <Cell ss:StyleID="s73"><Data ss:Type="String">Shown when the player reaches a checkpoint</Data></Cell>
   </Row>
   <Row ss:AutoFitHeight="0" ss:Height="13.5">
    <Cell ss:StyleID="s72"/>
    <Cell ss:StyleID="s73"><Data ss:Type="String">ID_HUD_CATAPULT_INTEGRITY</Data></Cell>
    <Cell ss:StyleID="s73"><Data ss:Type="String">Catapult Integrity</Data></Cell>
    <Cell ss:StyleID="s74"><Data ss:Type="String">투석기 상태</Data></Cell>
    <Cell ss:StyleID="s73"/>
   </Row>
   <Row ss:AutoFitHeight="0" ss:Height="13.5">
    <Cell ss:StyleID="s72"/>
    <Cell ss:StyleID="s73"><Data ss:Type="String">ID_HUD_EMPTY_SUBTITLE</Data></Cell>
    <Cell ss:StyleID="s73"><Data ss:Type="String">\n</Data></Cell>
    <Cell ss:StyleID="s74"><Data ss:Type="String">\n</Data></Cell>
    <Cell ss:StyleID="s73"><Data ss:Type="String">NEW LINE FOR EMPTY SUBTITLE - DO NOT CHANGE</Data></Cell>
   </Row>
   <Row ss:AutoFitHeight="0" ss:Height="13.5">
    <Cell ss:StyleID="s72"/>
    <Cell ss:StyleID="s73"><Data ss:Type="String">ID_HUD_SCORPIO_CNTRL_LT</Data></Cell>
    <Cell ss:StyleID="s73"><Data ss:Type="String">Target Lock</Data></Cell>
    <Cell ss:StyleID="s74"><Data ss:Type="String">목표 고정</Data></Cell>
    <Cell ss:StyleID="s73"/>
   </Row>
   <Row ss:AutoFitHeight="0" ss:Height="13.5">
    <Cell ss:StyleID="s72"/>
    <Cell ss:StyleID="s73"><Data ss:Type="String">ID_HUD_SCORPIO_CNTRL_RT</Data></Cell>
    <Cell ss:StyleID="s73"><Data ss:Type="String">Charge/Fire</Data></Cell>
    <Cell ss:StyleID="s74"><Data ss:Type="String">돌격/사격 개시</Data></Cell>
    <Cell ss:StyleID="s73"/>
   </Row>
   <Row ss:AutoFitHeight="0" ss:Height="13.5">
    <Cell ss:StyleID="s72"/>
    <Cell ss:StyleID="s73"><Data ss:Type="String">ID_HUD_NEW_RANK</Data></Cell>
    <Cell ss:StyleID="s73"><Data ss:Type="String">GLADIATOR RANK INCREASED! </Data></Cell>
    <Cell ss:StyleID="s74"><Data ss:Type="String">검투가 계급 상승!</Data></Cell>
    <Cell ss:StyleID="s73"/>
   </Row>
   <Row ss:AutoFitHeight="0" ss:Height="13.5">
    <Cell ss:StyleID="s72"/>
    <Cell ss:StyleID="s73"><Data ss:Type="String">ID_HUD_NEW_TITLE</Data></Cell>
    <Cell ss:StyleID="s73"><Data ss:Type="String">NEXT RANK UNLOCKED</Data></Cell>
    <Cell ss:StyleID="s74"><Data ss:Type="String">다음 계급 잠금 해제</Data></Cell>
    <Cell ss:StyleID="s73"/>
   </Row>
   <Row ss:AutoFitHeight="0" ss:Height="13.5">
    <Cell ss:StyleID="s72"/>
    <Cell ss:StyleID="s73"><Data ss:Type="String">ID_HUD_NEW_UNLOCKS</Data></Cell>
    <Cell ss:StyleID="s73"><Data ss:Type="String">NEW UNLOCKS AVAILABLE</Data></Cell>
    <Cell ss:StyleID="s74"><Data ss:Type="String">새로운 잠금 해제 가능</Data></Cell>
    <Cell ss:StyleID="s73"/>
   </Row>
   <Row ss:AutoFitHeight="0" ss:Height="13.5">
    <Cell ss:StyleID="s72"/>
    <Cell ss:StyleID="s73"><Data ss:Type="String">ID_HUD_NEW_RANK_UNLOCK</Data></Cell>
    <Cell ss:StyleID="s73"><Data ss:Type="String">GLADIATOR RANK INCREASED - NEW UNLOCKS AVAILABLE</Data></Cell>
    <Cell ss:StyleID="s74"><Data ss:Type="String">검투사 계급 상승 - 새로운 잠금 해제 가능</Data></Cell>
    <Cell ss:StyleID="s73"/>
   </Row>
   <Row ss:AutoFitHeight="0" ss:Height="13.5">
    <Cell ss:StyleID="s72"/>
    <Cell ss:StyleID="s73"><Data ss:Type="String">ID_HUD_NEW_TITLE_UNLOCK</Data></Cell>
    <Cell ss:StyleID="s73"><Data ss:Type="String">NEXT RANK UNLOCKED - NEW UPGRADES AVAILABLE</Data></Cell>
    <Cell ss:StyleID="s74"><Data ss:Type="String">다음 계급 잠금 해제 - 새로운 업그레이드 가능</Data></Cell>
    <Cell ss:StyleID="s73"/>
   </Row>
   <Row ss:AutoFitHeight="0" ss:Height="13.5">
    <Cell ss:StyleID="s72"/>
    <Cell ss:StyleID="s73"><Data ss:Type="String">ID_HUD_VALOR_MESSAGE_01</Data></Cell>
    <Cell ss:StyleID="s73"><Data ss:Type="String">YOU HAVE</Data></Cell>
    <Cell ss:StyleID="s74"><Data ss:Type="String">보유</Data></Cell>
    <Cell ss:StyleID="s73"/>
   </Row>
   <Row ss:AutoFitHeight="0" ss:Height="13.5">
    <Cell ss:StyleID="s72"/>
    <Cell ss:StyleID="s73"><Data ss:Type="String">ID_HUD_VALOR_MESSAGE_02</Data></Cell>
    <Cell ss:StyleID="s73"><Data ss:Type="String">PRESS %b TO UPGRADE YOUR SKILLS</Data></Cell>
    <Cell ss:StyleID="s74"><Data ss:Type="String">%b 를 눌러 기술을 업그레이드하십시오</Data></Cell>
    <Cell ss:StyleID="s73"/>
   </Row>
   <Row ss:AutoFitHeight="0" ss:Height="13.5">
    <Cell ss:StyleID="s72"/>
    <Cell ss:StyleID="s73"><Data ss:Type="String">ID_HUD_REWARD_PUSH_ATTACK</Data></Cell>
    <Cell ss:StyleID="s73"><Data ss:Type="String">PUSH ATTACK</Data></Cell>
    <Cell ss:StyleID="s74"><Data ss:Type="String">밀어내기 공격</Data></Cell>
    <Cell ss:StyleID="s73"/>
   </Row>
   <Row ss:AutoFitHeight="0" ss:Height="13.5">
    <Cell ss:StyleID="s72"/>
    <Cell ss:StyleID="s73"><Data ss:Type="String">ID_HUD_REWARD_PERFECT_PUSH_ATTACK</Data></Cell>
    <Cell ss:StyleID="s73"><Data ss:Type="String">PERFECT PUSH ATTACK</Data></Cell>
    <Cell ss:StyleID="s74"><Data ss:Type="String">완벽한 밀어내기 공격</Data></Cell>
    <Cell ss:StyleID="s73"/>
   </Row>
   <Row ss:AutoFitHeight="0" ss:Height="13.5">
    <Cell ss:StyleID="s72"/>
    <Cell ss:StyleID="s73"><Data ss:Type="String">ID_HUD_REWARD_QUICK_ATTACK</Data></Cell>
    <Cell ss:StyleID="s73"><Data ss:Type="String">QUICK ATTACK</Data></Cell>
    <Cell ss:StyleID="s74"><Data ss:Type="String">빠른 공격</Data></Cell>
    <Cell ss:StyleID="s73"/>
   </Row>
   <Row ss:AutoFitHeight="0" ss:Height="13.5">
    <Cell ss:StyleID="s72"/>
    <Cell ss:StyleID="s73"><Data ss:Type="String">ID_HUD_REWARD_PERFECT_QUICK_ATTACK</Data></Cell>
    <Cell ss:StyleID="s73"><Data ss:Type="String">PERFECT QUICK ATTACK</Data></Cell>
    <Cell ss:StyleID="s74"><Data ss:Type="String">완벽한 빠른 공격</Data></Cell>
    <Cell ss:StyleID="s73"/>
   </Row>
   <Row ss:AutoFitHeight="0" ss:Height="13.5">
    <Cell ss:StyleID="s72"/>
    <Cell ss:StyleID="s73"><Data ss:Type="String">ID_HUD_REWARD_OPEN</Data></Cell>
    <Cell ss:StyleID="s73"><Data ss:Type="String">OPEN</Data></Cell>
    <Cell ss:StyleID="s74"><Data ss:Type="String">열기</Data></Cell>
    <Cell ss:StyleID="s73"/>
   </Row>
   <Row ss:AutoFitHeight="0" ss:Height="13.5">
    <Cell ss:StyleID="s72"/>
    <Cell ss:StyleID="s73"><Data ss:Type="String">ID_HUD_REWARD_DEFLECT</Data></Cell>
    <Cell ss:StyleID="s73"><Data ss:Type="String">DEFLECT</Data></Cell>
    <Cell ss:StyleID="s74"><Data ss:Type="String">튕겨내기</Data></Cell>
    <Cell ss:StyleID="s73"/>
   </Row>
   <Row ss:AutoFitHeight="0" ss:Height="13.5">
    <Cell ss:StyleID="s72"/>
    <Cell ss:StyleID="s73"><Data ss:Type="String">ID_HUD_REWARD_PERFECT_DEFLECT</Data></Cell>
    <Cell ss:StyleID="s73"><Data ss:Type="String">PERFECT DEFLECT</Data></Cell>
    <Cell ss:StyleID="s74"><Data ss:Type="String">완벽한 튕겨내기</Data></Cell>
    <Cell ss:StyleID="s73"/>
   </Row>
   <Row ss:AutoFitHeight="0" ss:Height="13.5">
    <Cell ss:StyleID="s72"/>
    <Cell ss:StyleID="s73"><Data ss:Type="String">ID_HUD_REWARD_BLOCKED</Data></Cell>
    <Cell ss:StyleID="s73"><Data ss:Type="String">BLOCKED</Data></Cell>
    <Cell ss:StyleID="s74"><Data ss:Type="String">막기</Data></Cell>
    <Cell ss:StyleID="s73"/>
   </Row>
   <Row ss:AutoFitHeight="0" ss:Height="13.5">
    <Cell ss:StyleID="s72"/>
    <Cell ss:StyleID="s73"><Data ss:Type="String">ID_HUD_REWARD_ASSIST_KILL</Data></Cell>
    <Cell ss:StyleID="s73"><Data ss:Type="String">KILL ASSIST</Data></Cell>
    <Cell ss:StyleID="s74"><Data ss:Type="String">처치 도움</Data></Cell>
    <Cell ss:StyleID="s73"><Data ss:Type="String">updated 10.23.13</Data></Cell>
   </Row>
   <Row ss:AutoFitHeight="0" ss:Height="13.5">
    <Cell ss:StyleID="s72"/>
    <Cell ss:StyleID="s73"><Data ss:Type="String">ID_HUD_REWARD_PERFECT_ASSIST_KILL</Data></Cell>
    <Cell ss:StyleID="s73"><Data ss:Type="String">PERFECT KILL ASSIST</Data></Cell>
    <Cell ss:StyleID="s74"><Data ss:Type="String">완벽한 처치 도움</Data></Cell>
    <Cell ss:StyleID="s73"><Data ss:Type="String">updated 10.23.13</Data></Cell>
   </Row>
   <Row ss:AutoFitHeight="0" ss:Height="13.5">
    <Cell ss:StyleID="s72"/>
    <Cell ss:StyleID="s73"><Data ss:Type="String">ID_HUD_REWARD_ENVIRONMENTAL_KILL</Data></Cell>
    <Cell ss:StyleID="s73"><Data ss:Type="String">ENVIRONMENTAL KILL</Data></Cell>
    <Cell ss:StyleID="s74"><Data ss:Type="String">환경 이용 처치</Data></Cell>
    <Cell ss:StyleID="s73"/>
   </Row>
   <Row ss:AutoFitHeight="0" ss:Height="13.5">
    <Cell ss:StyleID="s72"/>
    <Cell ss:StyleID="s73"><Data ss:Type="String">ID_HUD_REWARD_PERFECT_ENVIRONMENTAL</Data></Cell>
    <Cell ss:StyleID="s73"><Data ss:Type="String">PERFECT ENVIRONMENTAL KILL</Data></Cell>
    <Cell ss:StyleID="s74"><Data ss:Type="String">완벽한 환경 이용 처치</Data></Cell>
    <Cell ss:StyleID="s73"/>
   </Row>
   <Row ss:AutoFitHeight="0" ss:Height="13.5">
    <Cell ss:StyleID="s72"/>
    <Cell ss:StyleID="s73"><Data ss:Type="String">ID_HUD_REWARD_EXECUTION</Data></Cell>
    <Cell ss:StyleID="s73"><Data ss:Type="String">EXECUTION</Data></Cell>
    <Cell ss:StyleID="s74"><Data ss:Type="String">처형</Data></Cell>
    <Cell ss:StyleID="s73"/>
   </Row>
   <Row ss:AutoFitHeight="0" ss:Height="13.5">
    <Cell ss:StyleID="s72"/>
    <Cell ss:StyleID="s73"><Data ss:Type="String">ID_HUD_REWARD_PERFECT_EXECUTION</Data></Cell>
    <Cell ss:StyleID="s73"><Data ss:Type="String">PERFECT EXECUTION</Data></Cell>
    <Cell ss:StyleID="s74"><Data ss:Type="String">완벽한 처형</Data></Cell>
    <Cell ss:StyleID="s73"/>
   </Row>
   <Row ss:AutoFitHeight="0" ss:Height="13.5">
    <Cell ss:StyleID="s72"/>
    <Cell ss:StyleID="s73"><Data ss:Type="String">ID_HUD_REWARD_EXECUTION_BONUS</Data></Cell>
    <Cell ss:StyleID="s73"><Data ss:Type="String">EXECUTION BONUS</Data></Cell>
    <Cell ss:StyleID="s74"><Data ss:Type="String">처형 보너스</Data></Cell>
   </Row>
   <Row ss:AutoFitHeight="0" ss:Height="13.5">
    <Cell ss:StyleID="s72"/>
    <Cell ss:StyleID="s73"><Data ss:Type="String">ID_HUD_REWARD_ENEMY_DEATH</Data></Cell>
    <Cell ss:StyleID="s73"><Data ss:Type="String">ENEMY DEATH</Data></Cell>
    <Cell ss:StyleID="s74"><Data ss:Type="String">적 사망</Data></Cell>
   </Row>
   <Row ss:AutoFitHeight="0" ss:Height="13.5">
    <Cell ss:StyleID="s72"/>
    <Cell ss:StyleID="s73"><Data ss:Type="String">ID_HUD_REWARD_HEAVY_PUSH_ATTACK</Data></Cell>
    <Cell ss:StyleID="s73"><Data ss:Type="String">HEAVY PUSH ATTACK</Data></Cell>
    <Cell ss:StyleID="s74"><Data ss:Type="String">강한 밀어내기 공격</Data></Cell>
    <Cell ss:StyleID="s73"/>
   </Row>
   <Row ss:AutoFitHeight="0" ss:Height="13.5">
    <Cell ss:StyleID="s72"/>
    <Cell ss:StyleID="s73"><Data ss:Type="String">ID_HUD_REWARD_PERFECT_HEAVY_PUSH_ATTACK</Data></Cell>
    <Cell ss:StyleID="s73"><Data ss:Type="String">PERFECT HEAVY PUSH ATTACK</Data></Cell>
    <Cell ss:StyleID="s74"><Data ss:Type="String">완벽히 강한 밀어내기 공격</Data></Cell>
    <Cell ss:StyleID="s73"/>
   </Row>
   <Row ss:AutoFitHeight="0" ss:Height="13.5">
    <Cell ss:StyleID="s72"/>
    <Cell ss:StyleID="s73"><Data ss:Type="String">ID_HUD_REWARD_HEAVY_ATTACK</Data></Cell>
    <Cell ss:StyleID="s73"><Data ss:Type="String">HEAVY ATTACK</Data></Cell>
    <Cell ss:StyleID="s74"><Data ss:Type="String">강한 공격</Data></Cell>
    <Cell ss:StyleID="s73"/>
   </Row>
   <Row ss:AutoFitHeight="0" ss:Height="13.5">
    <Cell ss:StyleID="s72"/>
    <Cell ss:StyleID="s73"><Data ss:Type="String">ID_HUD_REWARD_PERFECT_HEAVY_ATTACK</Data></Cell>
    <Cell ss:StyleID="s73"><Data ss:Type="String">PERFECT HEAVY ATTACK</Data></Cell>
    <Cell ss:StyleID="s74"><Data ss:Type="String">완벽히 강한 공격</Data></Cell>
    <Cell ss:StyleID="s73"/>
   </Row>
   <Row ss:AutoFitHeight="0" ss:Height="13.5">
    <Cell ss:StyleID="s72"/>
    <Cell ss:StyleID="s73"><Data ss:Type="String">ID_HUD_REWARD_PILUM_ATTACK</Data></Cell>
    <Cell ss:StyleID="s73"><Data ss:Type="String">PILUM</Data></Cell>
    <Cell ss:StyleID="s74"><Data ss:Type="String">투창</Data></Cell>
    <Cell ss:StyleID="s73"/>
   </Row>
   <Row ss:AutoFitHeight="0" ss:Height="13.5">
    <Cell ss:StyleID="s72"/>
    <Cell ss:StyleID="s73"><Data ss:Type="String">ID_HUD_REWARD_SCORPIO_ATTACK</Data></Cell>
    <Cell ss:StyleID="s73"><Data ss:Type="String">SCORPIO</Data></Cell>
    <Cell ss:StyleID="s74"><Data ss:Type="String">스코피오</Data></Cell>
    <Cell ss:StyleID="s73"/>
   </Row>
   <Row ss:AutoFitHeight="0" ss:Height="13.5">
    <Cell ss:StyleID="s72"/>
    <Cell ss:StyleID="s73"><Data ss:Type="String">ID_HUD_REWARD_PERFECT_SCORPIO_ATTACK</Data></Cell>
    <Cell ss:StyleID="s73"><Data ss:Type="String">SCORPIO</Data></Cell>
    <Cell ss:StyleID="s74"><Data ss:Type="String">스코피오</Data></Cell>
    <Cell ss:StyleID="s73"/>
   </Row>
   <Row ss:AutoFitHeight="0" ss:Height="13.5">
    <Cell ss:StyleID="s72"/>
    <Cell ss:StyleID="s73"><Data ss:Type="String">ID_HUD_REWARD_PROJECTILE_DISARM</Data></Cell>
    <Cell ss:StyleID="s73"><Data ss:Type="String">DISARMED</Data></Cell>
    <Cell ss:StyleID="s74"><Data ss:Type="String">무장 해제</Data></Cell>
    <Cell ss:StyleID="s73"/>
   </Row>
   <Row ss:AutoFitHeight="0" ss:Height="13.5">
    <Cell ss:StyleID="s72"/>
    <Cell ss:StyleID="s73"><Data ss:Type="String">ID_HUD_REWARD_PERFECT_PROJECTILE_DISARM</Data></Cell>
    <Cell ss:StyleID="s73"><Data ss:Type="String">PERFECT DISARM</Data></Cell>
    <Cell ss:StyleID="s74"><Data ss:Type="String">완벽한 무장 해제</Data></Cell>
    <Cell ss:StyleID="s73"/>
   </Row>
   <Row ss:AutoFitHeight="0" ss:Height="13.5">
    <Cell ss:StyleID="s72"/>
    <Cell ss:StyleID="s73"><Data ss:Type="String">ID_HUD_REWARD_COUNTERED</Data></Cell>
    <Cell ss:StyleID="s73"><Data ss:Type="String">COUNTERED</Data></Cell>
    <Cell ss:StyleID="s74"><Data ss:Type="String">반격</Data></Cell>
    <Cell ss:StyleID="s73"/>
   </Row>
   <Row ss:AutoFitHeight="0" ss:Height="13.5">
    <Cell ss:StyleID="s72"/>
    <Cell ss:StyleID="s73"><Data ss:Type="String">ID_HUD_REWARD_MULTI_DEFLECT</Data></Cell>
    <Cell ss:StyleID="s73"><Data ss:Type="String">MULTI-DEFLECT</Data></Cell>
    <Cell ss:StyleID="s74"><Data ss:Type="String">연속 튕겨내기</Data></Cell>
    <Cell ss:StyleID="s73"/>
   </Row>
   <Row ss:AutoFitHeight="0" ss:Height="13.5">
    <Cell ss:StyleID="s72"/>
    <Cell ss:StyleID="s73"><Data ss:Type="String">ID_HUD_REWARD_STUN</Data></Cell>
    <Cell ss:StyleID="s73"><Data ss:Type="String">STUN</Data></Cell>
    <Cell ss:StyleID="s74"><Data ss:Type="String">기절</Data></Cell>
    <Cell ss:StyleID="s73"/>
   </Row>
   <Row ss:AutoFitHeight="0" ss:Height="13.5">
    <Cell ss:StyleID="s72"/>
    <Cell ss:StyleID="s73"><Data ss:Type="String">ID_HUD_REWARD_PERFECT_STUN</Data></Cell>
    <Cell ss:StyleID="s73"><Data ss:Type="String">PERFECT STUN</Data></Cell>
    <Cell ss:StyleID="s74"><Data ss:Type="String">완벽한 기절</Data></Cell>
    <Cell ss:StyleID="s73"/>
   </Row>
   <Row ss:AutoFitHeight="0" ss:Height="13.5">
    <Cell ss:StyleID="s72"/>
    <Cell ss:StyleID="s73"><Data ss:Type="String">ID_HUD_REWARD_CRITICAL_STUN</Data></Cell>
    <Cell ss:StyleID="s73"><Data ss:Type="String">CRITICAL STUN</Data></Cell>
    <Cell ss:StyleID="s74"><Data ss:Type="String">치명적인 기절</Data></Cell>
    <Cell ss:StyleID="s73"/>
   </Row>
   <Row ss:AutoFitHeight="0" ss:Height="13.5">
    <Cell ss:StyleID="s72"/>
    <Cell ss:StyleID="s73"><Data ss:Type="String">ID_HUD_REWARD_PERFECT_CRITICAL_STUN</Data></Cell>
    <Cell ss:StyleID="s73"><Data ss:Type="String">PERFECT CRITICAL STUN</Data></Cell>
    <Cell ss:StyleID="s74"><Data ss:Type="String">완벽히 치명적인 기절</Data></Cell>
    <Cell ss:StyleID="s73"/>
   </Row>
   <Row ss:AutoFitHeight="0" ss:Height="13.5">
    <Cell ss:StyleID="s72"/>
    <Cell ss:StyleID="s73"><Data ss:Type="String">ID_HUD_REWARD_DASH_ATTACK</Data></Cell>
    <Cell ss:StyleID="s73"><Data ss:Type="String">HEAVY ATTACK</Data></Cell>
    <Cell ss:StyleID="s74"><Data ss:Type="String">강한 공격</Data></Cell>
    <Cell ss:StyleID="s73"/>
   </Row>
   <Row ss:AutoFitHeight="0" ss:Height="13.5">
    <Cell ss:StyleID="s72"/>
    <Cell ss:StyleID="s73"><Data ss:Type="String">ID_HUD_REWARD_PERFECT_DASH_ATTACK</Data></Cell>
    <Cell ss:StyleID="s73"><Data ss:Type="String">PERFECT HEAVY ATTACK</Data></Cell>
    <Cell ss:StyleID="s74"><Data ss:Type="String">완벽히 강한 공격</Data></Cell>
    <Cell ss:StyleID="s73"/>
   </Row>
   <Row ss:AutoFitHeight="0" ss:Height="13.5">
    <Cell ss:StyleID="s72"/>
    <Cell ss:StyleID="s73"><Data ss:Type="String">ID_HUD_REWARD_DASH_PUSH</Data></Cell>
    <Cell ss:StyleID="s73"><Data ss:Type="String">HEAVY PUSH</Data></Cell>
    <Cell ss:StyleID="s74"><Data ss:Type="String">강한 밀어내기</Data></Cell>
    <Cell ss:StyleID="s73"/>
   </Row>
   <Row ss:AutoFitHeight="0" ss:Height="13.5">
    <Cell ss:StyleID="s72"/>
    <Cell ss:StyleID="s73"><Data ss:Type="String">ID_HUD_REWARD_PERFECT_DASH_PUSH</Data></Cell>
    <Cell ss:StyleID="s73"><Data ss:Type="String">PERFECT HEAVY PUSH</Data></Cell>
    <Cell ss:StyleID="s74"><Data ss:Type="String">완벽히 강한 밀어내기</Data></Cell>
    <Cell ss:StyleID="s73"/>
   </Row>
   <Row ss:AutoFitHeight="0" ss:Height="13.5">
    <Cell ss:StyleID="s72"/>
    <Cell ss:StyleID="s73"><Data ss:Type="String">ID_HUD_REWARD_DASH_DEFLECT_QUICK</Data></Cell>
    <Cell ss:StyleID="s73"><Data ss:Type="String">DASH DEFLECT QUICK</Data></Cell>
    <Cell ss:StyleID="s74"><Data ss:Type="String">빠른 달리며 튕겨내기</Data></Cell>
    <Cell ss:StyleID="s73"/>
   </Row>
   <Row ss:AutoFitHeight="0" ss:Height="13.5">
    <Cell ss:StyleID="s72"/>
    <Cell ss:StyleID="s73"><Data ss:Type="String">ID_HUD_REWARD_DASH_DEFLECT_HEAVY</Data></Cell>
    <Cell ss:StyleID="s73"><Data ss:Type="String">DASH DEFLECT HEAVY</Data></Cell>
    <Cell ss:StyleID="s74"><Data ss:Type="String">강한 달리며 튕겨내기</Data></Cell>
    <Cell ss:StyleID="s73"/>
   </Row>
   <Row ss:AutoFitHeight="0" ss:Height="13.5">
    <Cell ss:StyleID="s72"/>
    <Cell ss:StyleID="s73"><Data ss:Type="String">ID_HUD_REWARD_FOCUS_TRIGGER</Data></Cell>
    <Cell ss:StyleID="s73"><Data ss:Type="String">FOCUS TRIGGER</Data></Cell>
    <Cell ss:StyleID="s74"><Data ss:Type="String">집중력 발동</Data></Cell>
    <Cell ss:StyleID="s73"/>
   </Row>
   <Row ss:AutoFitHeight="0" ss:Height="13.5">
    <Cell ss:StyleID="s72"/>
    <Cell ss:StyleID="s73"><Data ss:Type="String">ID_HUD_REWARD_FOCUS_ATTACK</Data></Cell>
    <Cell ss:StyleID="s73"><Data ss:Type="String">FOCUS ATTACK</Data></Cell>
    <Cell ss:StyleID="s74"><Data ss:Type="String">집중력 공격</Data></Cell>
    <Cell ss:StyleID="s73"/>
   </Row>
   <Row ss:AutoFitHeight="0" ss:Height="13.5">
    <Cell ss:StyleID="s72"/>
    <Cell ss:StyleID="s73"><Data ss:Type="String">ID_HUD_REWARD_PERFECT_FOCUS_ATTACK</Data></Cell>
    <Cell ss:StyleID="s73"><Data ss:Type="String">PERFECT FOCUS ATTACK</Data></Cell>
    <Cell ss:StyleID="s74"><Data ss:Type="String">완벽한 집중력 공격</Data></Cell>
    <Cell ss:StyleID="s73"/>
   </Row>
   <Row ss:AutoFitHeight="0" ss:Height="13.5">
    <Cell ss:StyleID="s72"/>
    <Cell ss:StyleID="s73"><Data ss:Type="String">ID_HUD_REWARD_FOCUS_KICK</Data></Cell>
    <Cell ss:StyleID="s73"><Data ss:Type="String">FOCUS KICK</Data></Cell>
    <Cell ss:StyleID="s74"><Data ss:Type="String">집중력 차기</Data></Cell>
    <Cell ss:StyleID="s73"/>
   </Row>
   <Row ss:AutoFitHeight="0" ss:Height="13.5">
    <Cell ss:StyleID="s72"/>
    <Cell ss:StyleID="s73"><Data ss:Type="String">ID_HUD_REWARD_PERFECT_FOCUS_KICK</Data></Cell>
    <Cell ss:StyleID="s73"><Data ss:Type="String">PERFECT FOCUS KICK</Data></Cell>
    <Cell ss:StyleID="s74"><Data ss:Type="String">완벽한 집중력 차기</Data></Cell>
    <Cell ss:StyleID="s73"/>
   </Row>
   <Row ss:AutoFitHeight="0" ss:Height="13.5">
    <Cell ss:StyleID="s72"/>
    <Cell ss:StyleID="s73"><Data ss:Type="String">ID_HUD_REWARD_KILL</Data></Cell>
    <Cell ss:StyleID="s73"><Data ss:Type="String">KILL</Data></Cell>
    <Cell ss:StyleID="s74"><Data ss:Type="String">처치</Data></Cell>
    <Cell ss:StyleID="s73"/>
   </Row>
   <Row ss:AutoFitHeight="0" ss:Height="13.5">
    <Cell ss:StyleID="s72"/>
    <Cell ss:StyleID="s73"><Data ss:Type="String">ID_HUD_REWARD_PERFECT_KILL</Data></Cell>
    <Cell ss:StyleID="s73"><Data ss:Type="String">PERFECT KILL</Data></Cell>
    <Cell ss:StyleID="s74"><Data ss:Type="String">완벽한 처치</Data></Cell>
    <Cell ss:StyleID="s73"/>
   </Row>
   <Row ss:AutoFitHeight="0" ss:Height="13.5">
    <Cell ss:StyleID="s72"/>
    <Cell ss:StyleID="s73"><Data ss:Type="String">ID_HUD_REWARD_EXECTUION_REWARD</Data></Cell>
    <Cell ss:StyleID="s73"><Data ss:Type="String">EXECUTION REWARD</Data></Cell>
    <Cell ss:StyleID="s74"><Data ss:Type="String">처형 보상</Data></Cell>
    <Cell ss:StyleID="s73"/>
   </Row>
   <Row ss:AutoFitHeight="0" ss:Height="13.5">
    <Cell ss:StyleID="s72"/>
    <Cell ss:StyleID="s73"><Data ss:Type="String">ID_HUD_REWARD_DEATH</Data></Cell>
    <Cell ss:StyleID="s73"><Data ss:Type="String">DEATH</Data></Cell>
    <Cell ss:StyleID="s74"><Data ss:Type="String">사살</Data></Cell>
    <Cell ss:StyleID="s73"/>
   </Row>
   <Row ss:AutoFitHeight="0" ss:Height="13.5">
    <Cell ss:StyleID="s72"/>
    <Cell ss:StyleID="s73"><Data ss:Type="String">ID_HUD_REWARD_COMBO_END</Data></Cell>
    <Cell ss:StyleID="s73"><Data ss:Type="String">COMBO END</Data></Cell>
    <Cell ss:StyleID="s74"><Data ss:Type="String">연속 공격 종료</Data></Cell>
    <Cell ss:StyleID="s73"/>
   </Row>
   <Row ss:AutoFitHeight="0" ss:Height="13.5">
    <Cell ss:StyleID="s72"/>
    <Cell ss:StyleID="s73"><Data ss:Type="String">ID_HUD_REWARD_COMBAT_END</Data></Cell>
    <Cell ss:StyleID="s73"><Data ss:Type="String">COMBAT END</Data></Cell>
    <Cell ss:StyleID="s74"><Data ss:Type="String">전투 종료</Data></Cell>
    <Cell ss:StyleID="s73"/>
   </Row>
   <Row ss:AutoFitHeight="0" ss:Height="13.5">
    <Cell ss:StyleID="s72"/>
    <Cell ss:StyleID="s73"><Data ss:Type="String">ID_HUD_REWARD_ENCOUNTER_FINISHED</Data></Cell>
    <Cell ss:StyleID="s73"><Data ss:Type="String">ENCOUNTER FINISHED</Data></Cell>
    <Cell ss:StyleID="s74"><Data ss:Type="String">습격 종료</Data></Cell>
    <Cell ss:StyleID="s73"/>
   </Row>
   <Row ss:AutoFitHeight="0" ss:Height="13.5">
    <Cell ss:StyleID="s72"/>
    <Cell ss:StyleID="s73"><Data ss:Type="String">ID_HUD_REWARD_OBJECT_DESTROYED</Data></Cell>
    <Cell ss:StyleID="s73"><Data ss:Type="String">OBJECT DESTROYED</Data></Cell>
    <Cell ss:StyleID="s74"><Data ss:Type="String">목표 파괴</Data></Cell>
    <Cell ss:StyleID="s73"/>
   </Row>
   <Row ss:AutoFitHeight="0" ss:Height="13.5">
    <Cell ss:StyleID="s72"/>
    <Cell ss:StyleID="s73"><Data ss:Type="String">ID_HUD_REWARD_PERFECT_OBJECT_DESTROYED</Data></Cell>
    <Cell ss:StyleID="s73"><Data ss:Type="String">PERFECT OBJECT DESTROYED</Data></Cell>
    <Cell ss:StyleID="s74"><Data ss:Type="String">완벽한 목표 파괴</Data></Cell>
    <Cell ss:StyleID="s73"/>
   </Row>
   <Row ss:AutoFitHeight="0" ss:Height="13.5">
    <Cell ss:StyleID="s72"/>
    <Cell ss:StyleID="s73"><Data ss:Type="String">ID_HUD_REWARD_PERFECT_BLOCK</Data></Cell>
    <Cell ss:StyleID="s73"><Data ss:Type="String">PERFECT BLOCK</Data></Cell>
    <Cell ss:StyleID="s74"><Data ss:Type="String">완벽한 막기</Data></Cell>
    <Cell ss:StyleID="s73"/>
   </Row>
   <Row ss:AutoFitHeight="0" ss:Height="13.5">
    <Cell ss:StyleID="s72"/>
    <Cell ss:StyleID="s73"><Data ss:Type="String">ID_HUD_REWARD_TAUNT</Data></Cell>
    <Cell ss:StyleID="s73"><Data ss:Type="String">TAUNT</Data></Cell>
    <Cell ss:StyleID="s74"><Data ss:Type="String">도발</Data></Cell>
    <Cell ss:StyleID="s73"/>
   </Row>
   <Row ss:AutoFitHeight="0" ss:Height="13.5">
    <Cell ss:StyleID="s72"/>
    <Cell ss:StyleID="s73"><Data ss:Type="String">ID_HUD_REWARD_DAMAGED</Data></Cell>
    <Cell ss:StyleID="s73"><Data ss:Type="String">DAMAGED</Data></Cell>
    <Cell ss:StyleID="s74"><Data ss:Type="String">피해</Data></Cell>
    <Cell ss:StyleID="s73"/>
   </Row>
   <Row ss:AutoFitHeight="0" ss:Height="13.5">
    <Cell ss:StyleID="s72"/>
    <Cell ss:StyleID="s73"><Data ss:Type="String">ID_HUD_REWARD_FIRE_DAMAGE</Data></Cell>
    <Cell ss:StyleID="s73"><Data ss:Type="String">FIRE DAMAGE</Data></Cell>
    <Cell ss:StyleID="s74"><Data ss:Type="String">화염 피해</Data></Cell>
    <Cell ss:StyleID="s73"/>
   </Row>
   <Row ss:AutoFitHeight="0" ss:Height="13.5">
    <Cell ss:StyleID="s72"/>
    <Cell ss:StyleID="s73"><Data ss:Type="String">ID_HUD_REWARD_TRAP_BREAK</Data></Cell>
    <Cell ss:StyleID="s73"><Data ss:Type="String">TRAP BREAK</Data></Cell>
    <Cell ss:StyleID="s74"><Data ss:Type="String">덫 파괴</Data></Cell>
    <Cell ss:StyleID="s73"/>
   </Row>
   <Row ss:AutoFitHeight="0" ss:Height="13.5">
    <Cell ss:StyleID="s72"/>
    <Cell ss:StyleID="s73"><Data ss:Type="String">ID_HUD_REWARD_BREAKABLE_BONUS</Data></Cell>
    <Cell ss:StyleID="s73"><Data ss:Type="String">BREAKABLE BONUS</Data></Cell>
    <Cell ss:StyleID="s74"><Data ss:Type="String">파괴물 보너스</Data></Cell>
    <Cell ss:StyleID="s73"/>
   </Row>
   <Row ss:AutoFitHeight="0" ss:Height="13.5">
    <Cell ss:StyleID="s72"/>
    <Cell ss:StyleID="s73"><Data ss:Type="String">ID_HUD_REWARD_SOLO_EXECUTION</Data></Cell>
    <Cell ss:StyleID="s73"><Data ss:Type="String">SOLO EXECUTION</Data></Cell>
    <Cell ss:StyleID="s74"><Data ss:Type="String">단독 처형</Data></Cell>
    <Cell ss:StyleID="s73"/>
   </Row>
   <Row ss:AutoFitHeight="0" ss:Height="13.5">
    <Cell ss:StyleID="s72"/>
    <Cell ss:StyleID="s73"><Data ss:Type="String">ID_HUD_REWARD_CO-OP_EXECUTION</Data></Cell>
    <Cell ss:StyleID="s73"><Data ss:Type="String">CO-OP EXECUTION</Data></Cell>
    <Cell ss:StyleID="s74"><Data ss:Type="String">협동 처형</Data></Cell>
    <Cell ss:StyleID="s73"/>
   </Row>
   <Row ss:AutoFitHeight="0" ss:Height="13.5">
    <Cell ss:StyleID="s72"/>
    <Cell ss:StyleID="s73"><Data ss:Type="String">ID_HUD_REWARD_BONUS_EXECUTIONER</Data></Cell>
    <Cell ss:StyleID="s73"><Data ss:Type="String">EXECUTION BONUS : EXECUTIONER</Data></Cell>
    <Cell ss:StyleID="s74"><Data ss:Type="String">처형 보너스 : 집행인</Data></Cell>
    <Cell ss:StyleID="s73"/>
   </Row>
   <Row ss:AutoFitHeight="0" ss:Height="13.5">
    <Cell ss:StyleID="s72"/>
    <Cell ss:StyleID="s73"><Data ss:Type="String">ID_HUD_REWARD_BONUS_UNTOUCHABLE</Data></Cell>
    <Cell ss:StyleID="s73"><Data ss:Type="String">EXECUTION BONUS : UNTOUCHABLE</Data></Cell>
    <Cell ss:StyleID="s74"><Data ss:Type="String">처형 보너스 : 무법자</Data></Cell>
    <Cell ss:StyleID="s73"/>
   </Row>
   <Row ss:AutoFitHeight="0" ss:Height="13.5">
    <Cell ss:StyleID="s72"/>
    <Cell ss:StyleID="s73"><Data ss:Type="String">ID_HUD_REWARD_BONUS_PERFECTION</Data></Cell>
    <Cell ss:StyleID="s73"><Data ss:Type="String">EXECUTION BONUS : PERFECTION</Data></Cell>
    <Cell ss:StyleID="s74"><Data ss:Type="String">처형 보너스 : 완벽 그 자체</Data></Cell>
    <Cell ss:StyleID="s73"/>
   </Row>
   <Row ss:AutoFitHeight="0" ss:Height="13.5">
    <Cell ss:StyleID="s72"/>
    <Cell ss:StyleID="s73"><Data ss:Type="String">ID_HUD_REWARD_BONUS_UNSTOPPABLE</Data></Cell>
    <Cell ss:StyleID="s73"><Data ss:Type="String">EXECUTION BONUS : UNSTOPPABLE</Data></Cell>
    <Cell ss:StyleID="s74"><Data ss:Type="String">처형 보너스 : 파괴자</Data></Cell>
    <Cell ss:StyleID="s73"/>
   </Row>
   <Row ss:AutoFitHeight="0" ss:Height="13.5">
    <Cell ss:StyleID="s72"/>
    <Cell ss:StyleID="s73"><Data ss:Type="String">ID_HUD_REWARD_BONUS_EXECUTION_CHAIN</Data></Cell>
    <Cell ss:StyleID="s73"><Data ss:Type="String">EXECUTION BONUS : EXECUTION CHAIN</Data></Cell>
    <Cell ss:StyleID="s74"><Data ss:Type="String">처형 보너스 : 처형 전문가</Data></Cell>
    <Cell ss:StyleID="s73"/>
   </Row>
   <Row ss:AutoFitHeight="0" ss:Height="25.5">
    <Cell ss:Index="2" ss:StyleID="s73"><Data ss:Type="String">ID_HUD_HEALTH_DRAIN_INCREASED</Data></Cell>
    <Cell ss:StyleID="s73"><Data ss:Type="String">HEALTH DRAIN INCREASED - KILL TO SURVIVE</Data></Cell>
    <Cell ss:StyleID="s74"><Data ss:Type="String">체력 흡수 증가 - 생존을 위해 적을 처치하십시오</Data></Cell>
    <Cell ss:StyleID="s73"><Data ss:Type="String">ADDED PER Simon 12.18.13, EDITED 1.13.14</Data></Cell>
   </Row>
   <Row ss:AutoFitHeight="0">
    <Cell ss:Index="2" ss:StyleID="s73"><Data ss:Type="String">ID_HUD_SURVIVED_FOR</Data></Cell>
    <Cell ss:StyleID="s73"><Data ss:Type="String">SURVIVED FOR</Data></Cell>
    <Cell ss:StyleID="s74"><Data ss:Type="String">생존 시간</Data></Cell>
    <Cell ss:StyleID="s73"><Data ss:Type="String">ADDED PER Simon 12.18.13</Data></Cell>
   </Row>
   <Row ss:AutoFitHeight="0" ss:Height="25.5">
    <Cell ss:Index="2"><Data ss:Type="String">ID_HUD_HEALTH_DRAIN_BLOOD</Data></Cell>
    <Cell><Data ss:Type="String">YOU ARE BLEEDING OUT - KILL TO SURVIVE</Data></Cell>
    <Cell><Data ss:Type="String">피를 흘리고 있습니다 - 적을 처치하십시오</Data></Cell>
    <Cell><Data ss:Type="String">Added - bug #340164</Data></Cell>
   </Row>
   <Row ss:AutoFitHeight="0" ss:Height="25.5" ss:Span="103"/>
   <Row ss:Index="253" ss:AutoFitHeight="0" ss:Height="38.25"/>
   <Row ss:Index="255" ss:AutoFitHeight="0" ss:Height="25.5"/>
   <Row ss:AutoFitHeight="0" ss:Height="27"/>
   <Row ss:Index="258" ss:AutoFitHeight="0" ss:Height="25.5"/>
   <Row ss:AutoFitHeight="0" ss:Height="38.25"/>
   <Row ss:Index="261" ss:AutoFitHeight="0" ss:Height="25.5" ss:Span="2"/>
   <Row ss:Index="265" ss:AutoFitHeight="0" ss:Height="38.25" ss:Span="9"/>
   <Row ss:Index="275" ss:AutoFitHeight="0" ss:Height="15"/>
   <Row ss:AutoFitHeight="0" ss:Height="16.5"/>
   <Row ss:AutoFitHeight="0" ss:Height="26.25"/>
   <Row ss:AutoFitHeight="0" ss:Height="38.25"/>
   <Row ss:Index="280" ss:AutoFitHeight="0" ss:Height="31.5"/>
   <Row ss:AutoFitHeight="0" ss:Height="38.25"/>
   <Row ss:Index="284" ss:AutoFitHeight="0" ss:Height="25.5" ss:Span="4"/>
   <Row ss:Index="289" ss:AutoFitHeight="0" ss:Height="38.25" ss:Span="16"/>
   <Row ss:Index="309" ss:AutoFitHeight="0" ss:Height="25.5"/>
   <Row ss:AutoFitHeight="0" ss:Height="38.25" ss:Span="6"/>
   <Row ss:Index="319" ss:AutoFitHeight="0" ss:Height="25.5"/>
   <Row ss:AutoFitHeight="0" ss:Height="38.25"/>
   <Row ss:Index="323" ss:AutoFitHeight="0" ss:Height="25.5" ss:Span="1"/>
   <Row ss:Index="325" ss:AutoFitHeight="0" ss:Height="10.5"/>
   <Row ss:Index="327" ss:AutoFitHeight="0" ss:Height="28.5"/>
   <Row ss:AutoFitHeight="0" ss:Height="27" ss:Span="1"/>
   <Row ss:Index="330" ss:AutoFitHeight="0" ss:Height="18"/>
   <Row ss:AutoFitHeight="0" ss:Height="27" ss:Span="5"/>
   <Row ss:Index="337" ss:AutoFitHeight="0" ss:Height="18.75"/>
   <Row ss:AutoFitHeight="0" ss:Height="27"/>
   <Row ss:AutoFitHeight="0" ss:Height="29.25"/>
   <Row ss:AutoFitHeight="0" ss:Height="15"/>
   <Row ss:AutoFitHeight="0" ss:Height="16.5"/>
   <Row ss:AutoFitHeight="0" ss:Height="29.25"/>
   <Row ss:AutoFitHeight="0" ss:Height="31.5"/>
   <Row ss:AutoFitHeight="0" ss:Height="12"/>
   <Row ss:AutoFitHeight="0" ss:Height="15"/>
   <Row ss:AutoFitHeight="0" ss:Height="27.75"/>
   <Row ss:AutoFitHeight="0" ss:Height="27"/>
   <Row ss:AutoFitHeight="0" ss:Height="12"/>
   <Row ss:Index="350" ss:AutoFitHeight="0" ss:Height="25.5"/>
   <Row ss:Index="355" ss:AutoFitHeight="0" ss:Height="67.5" ss:Span="1"/>
   <Row ss:Index="357" ss:AutoFitHeight="0" ss:Height="69" ss:Span="1"/>
   <Row ss:Index="359" ss:AutoFitHeight="0" ss:Height="67.5"/>
   <Row ss:AutoFitHeight="0" ss:Height="63.75" ss:Span="9"/>
   <Row ss:Index="370" ss:AutoFitHeight="0" ss:Height="64.5"/>
   <Row ss:AutoFitHeight="0" ss:Height="63.75" ss:Span="3"/>
   <Row ss:Index="375" ss:AutoFitHeight="0" ss:Height="66"/>
   <Row ss:AutoFitHeight="0" ss:Height="66.75"/>
   <Row ss:AutoFitHeight="0" ss:Height="66"/>
   <Row ss:AutoFitHeight="0" ss:Height="38.25"/>
   <Row ss:AutoFitHeight="0" ss:Height="63.75" ss:Span="10"/>
   <Row ss:Index="394" ss:AutoFitHeight="0" ss:Height="25.5" ss:Span="1"/>
   <Row ss:Index="491" ss:AutoFitHeight="0" ss:Height="26.25"/>
   <Row ss:AutoFitHeight="0" ss:Height="39"/>
   <Row ss:Index="497" ss:AutoFitHeight="0" ss:Height="25.5"/>
   <Row ss:AutoFitHeight="0" ss:Height="38.25"/>
   <Row ss:Index="503" ss:AutoFitHeight="0" ss:Height="25.5"/>
   <Row ss:Index="505" ss:AutoFitHeight="0" ss:Height="38.25" ss:Span="4"/>
   <Row ss:Index="512" ss:AutoFitHeight="0" ss:Height="19.5"/>
   <Row ss:AutoFitHeight="0" ss:Height="42" ss:Span="1"/>
   <Row ss:Index="516" ss:AutoFitHeight="0" ss:Height="25.5"/>
   <Row ss:AutoFitHeight="0" ss:Height="38.25" ss:Span="1"/>
   <Row ss:Index="522" ss:AutoFitHeight="0" ss:Height="25.5"/>
   <Row ss:AutoFitHeight="0" ss:Height="38.25" ss:Span="1"/>
   <Row ss:Index="526" ss:AutoFitHeight="0" ss:Height="25.5"/>
   <Row ss:AutoFitHeight="0" ss:Height="38.25"/>
   <Row ss:Index="823" ss:AutoFitHeight="0" ss:Height="25.5" ss:Span="1"/>
   <Row ss:Index="899" ss:AutoFitHeight="0" ss:Height="38.25"/>
   <Row ss:Index="917" ss:AutoFitHeight="0" ss:Height="73.5"/>
   <Row ss:AutoFitHeight="0" ss:Height="14.25" ss:Span="40"/>
   <Row ss:Index="959" ss:AutoFitHeight="0" ss:Height="18"/>
   <Row ss:AutoFitHeight="0" ss:Height="13.5"/>
   <Row ss:Index="976" ss:AutoFitHeight="0" ss:Height="25.5" ss:Span="2"/>
   <Row ss:Index="1044" ss:AutoFitHeight="0" ss:Height="38.25"/>
   <Row ss:Index="1051" ss:AutoFitHeight="0" ss:Height="25.5"/>
   <Row ss:AutoFitHeight="0" ss:Height="38.25"/>
   <Row ss:Index="1059" ss:AutoFitHeight="0" ss:Height="25.5"/>
   <Row ss:AutoFitHeight="0" ss:Height="38.25"/>
   <Row ss:Index="1067" ss:AutoFitHeight="0" ss:Height="25.5"/>
   <Row ss:AutoFitHeight="0" ss:Height="38.25" ss:Span="1"/>
   <Row ss:Index="1179" ss:AutoFitHeight="0" ss:Height="24.75"/>
   <Row ss:Index="1189" ss:AutoFitHeight="0" ss:Height="25.5" ss:Span="15"/>
   <Row ss:Index="1349" ss:AutoFitHeight="0" ss:Height="38.25"/>
   <Row ss:Index="1364" ss:AutoFitHeight="0" ss:Height="25.5"/>
   <Row ss:Index="1366" ss:AutoFitHeight="0" ss:Height="38.25" ss:Span="1"/>
   <Row ss:Index="1374" ss:AutoFitHeight="0" ss:Height="51" ss:Span="1"/>
   <Row ss:Index="1377" ss:AutoFitHeight="0" ss:Height="25.5"/>
   <Row ss:Index="1379" ss:AutoFitHeight="0" ss:Height="38.25" ss:Span="1"/>
   <Row ss:Index="1382" ss:AutoFitHeight="0" ss:Height="63.75" ss:Span="1"/>
   <Row ss:Index="1385" ss:AutoFitHeight="0" ss:Height="38.25"/>
   <Row ss:Index="1387" ss:AutoFitHeight="0" ss:Height="63.75" ss:Span="1"/>
   <Row ss:Index="1391" ss:AutoFitHeight="0" ss:Height="38.25" ss:Span="2"/>
   <Row ss:Index="1402" ss:AutoFitHeight="0" ss:Height="25.5"/>
   <Row ss:AutoFitHeight="0" ss:Height="38.25"/>
   <Row ss:Index="1411" ss:AutoFitHeight="0" ss:Height="25.5" ss:Span="10"/>
   <Row ss:Index="1604" ss:AutoFitHeight="0" ss:Height="11.25"/>
   <Row ss:Index="1724" ss:AutoFitHeight="0" ss:Height="25.5" ss:Span="15"/>
   <Row ss:Index="1741" ss:AutoFitHeight="0" ss:Height="38.25"/>
   <Row ss:AutoFitHeight="0" ss:Height="25.5" ss:Span="2"/>
   <Row ss:Index="1745" ss:AutoFitHeight="0" ss:Height="38.25"/>
   <Row ss:AutoFitHeight="0" ss:Height="25.5" ss:Span="2"/>
   <Row ss:Index="1792" ss:AutoFitHeight="0" ss:Height="63.75" ss:Span="9"/>
   <Row ss:Index="1802" ss:AutoFitHeight="0" ss:Height="14.25"/>
   <Row ss:AutoFitHeight="0" ss:Height="28.5"/>
   <Row ss:AutoFitHeight="0" ss:Height="14.25" ss:Span="66"/>
   <Row ss:Index="1891" ss:AutoFitHeight="0" ss:Height="25.5" ss:Span="3"/>
   <Row ss:Index="1895" ss:AutoFitHeight="0" ss:Height="94.5" ss:Span="3"/>
   <Row ss:Index="1899" ss:AutoFitHeight="0" ss:Height="25.5"/>
   <Row ss:AutoFitHeight="0" ss:Height="94.5" ss:Span="10"/>
   <Row ss:Index="1943" ss:AutoFitHeight="0" ss:Height="25.5" ss:Span="55"/>
   <Row ss:Index="2060" ss:AutoFitHeight="0" ss:Height="38.25"/>
   <Row ss:AutoFitHeight="0" ss:Height="25.5"/>
   <Row ss:AutoFitHeight="0" ss:Height="38.25" ss:Span="2"/>
   <Row ss:Index="2066" ss:AutoFitHeight="0" ss:Height="25.5"/>
   <Row ss:AutoFitHeight="0" ss:Height="38.25"/>
   <Row ss:Index="2069" ss:AutoFitHeight="0" ss:Height="25.5" ss:Span="2"/>
   <Row ss:Index="2072" ss:AutoFitHeight="0" ss:Height="38.25"/>
   <Row ss:AutoFitHeight="0" ss:Height="25.5"/>
   <Row ss:AutoFitHeight="0" ss:Height="38.25" ss:Span="1"/>
   <Row ss:Index="2076" ss:AutoFitHeight="0" ss:Height="25.5" ss:Span="1"/>
   <Row ss:Index="2078" ss:AutoFitHeight="0" ss:Height="38.25"/>
   <Row ss:Index="2080" ss:AutoFitHeight="0" ss:Height="15.75"/>
   <Row ss:AutoFitHeight="0" ss:Height="42.75"/>
   <Row ss:Index="2084" ss:AutoFitHeight="0" ss:Height="38.25"/>
   <Row ss:Index="2086" ss:AutoFitHeight="0" ss:Height="29.25"/>
   <Row ss:AutoFitHeight="0" ss:Height="30.75"/>
   <Row ss:AutoFitHeight="0" ss:Height="17.25"/>
   <Row ss:AutoFitHeight="0" ss:Height="18.75"/>
   <Row ss:AutoFitHeight="0" ss:Height="16.5"/>
   <Row ss:AutoFitHeight="0" ss:Height="18.75"/>
   <Row ss:AutoFitHeight="0" ss:Height="30.75"/>
   <Row ss:AutoFitHeight="0" ss:Height="21.75"/>
   <Row ss:AutoFitHeight="0" ss:Height="29.25"/>
   <Row ss:AutoFitHeight="0" ss:Height="30"/>
   <Row ss:AutoFitHeight="0" ss:Height="20.25"/>
   <Row ss:AutoFitHeight="0" ss:Height="18"/>
   <Row ss:AutoFitHeight="0" ss:Height="28.5"/>
   <Row ss:AutoFitHeight="0" ss:Height="72.75"/>
   <Row ss:AutoFitHeight="0" ss:Height="25.5"/>
   <Row ss:AutoFitHeight="0" ss:Height="18"/>
   <Row ss:AutoFitHeight="0" ss:Height="16.5"/>
   <Row ss:AutoFitHeight="0" ss:Height="21"/>
   <Row ss:AutoFitHeight="0" ss:Height="17.25"/>
   <Row ss:AutoFitHeight="0" ss:Height="18"/>
   <Row ss:AutoFitHeight="0" ss:Height="19.5"/>
   <Row ss:AutoFitHeight="0" ss:Height="30.75"/>
   <Row ss:AutoFitHeight="0" ss:Height="28.5"/>
   <Row ss:AutoFitHeight="0" ss:Height="16.5"/>
   <Row ss:AutoFitHeight="0" ss:Height="18.75"/>
   <Row ss:AutoFitHeight="0" ss:Height="33"/>
   <Row ss:AutoFitHeight="0" ss:Height="27.75"/>
   <Row ss:AutoFitHeight="0" ss:Height="16.5"/>
   <Row ss:AutoFitHeight="0" ss:Height="27"/>
   <Row ss:AutoFitHeight="0" ss:Height="28.5"/>
   <Row ss:AutoFitHeight="0" ss:Height="27"/>
   <Row ss:AutoFitHeight="0" ss:Height="28.5" ss:Span="1"/>
   <Row ss:Index="2119" ss:AutoFitHeight="0" ss:Height="19.5"/>
   <Row ss:AutoFitHeight="0" ss:Height="31.5"/>
   <Row ss:AutoFitHeight="0" ss:Height="17.25"/>
   <Row ss:AutoFitHeight="0" ss:Height="41.25" ss:Span="1"/>
   <Row ss:Index="2124" ss:AutoFitHeight="0" ss:Height="17.25"/>
   <Row ss:AutoFitHeight="0" ss:Height="18.75"/>
   <Row ss:AutoFitHeight="0" ss:Height="51"/>
   <Row ss:AutoFitHeight="0" ss:Height="25.5" ss:Span="5"/>
   <Row ss:Index="2133" ss:AutoFitHeight="0" ss:Height="13.5"/>
   <Row ss:AutoFitHeight="0" ss:Height="25.5" ss:Span="2"/>
   <Row ss:Index="2145" ss:AutoFitHeight="0" ss:Height="38.25"/>
   <Row ss:AutoFitHeight="0" ss:Height="53.25"/>
   <Row ss:Index="2149" ss:AutoFitHeight="0" ss:Height="38.25"/>
   <Row ss:AutoFitHeight="0" ss:Height="25.5" ss:Span="21"/>
   <Row ss:Index="2184" ss:AutoFitHeight="0" ss:Height="12"/>
   <Row ss:Index="2186" ss:AutoFitHeight="0" ss:Height="25.5" ss:Span="2"/>
   <Row ss:Index="2191" ss:AutoFitHeight="0" ss:Height="15"/>
   <Row ss:AutoFitHeight="0" ss:Height="25.5" ss:Span="1"/>
   <Row ss:Index="2195" ss:AutoFitHeight="0" ss:Height="15" ss:Span="1"/>
   <Row ss:Index="2198" ss:AutoFitHeight="0" ss:Height="25.5" ss:Span="3"/>
   <Row ss:Index="2205" ss:AutoFitHeight="0" ss:Height="15"/>
   <Row ss:Index="2208" ss:AutoFitHeight="0" ss:Height="25.5"/>
   <Row ss:AutoFitHeight="0" ss:Height="15"/>
   <Row ss:AutoFitHeight="0" ss:Height="25.5" ss:Span="2"/>
   <Row ss:Index="2216" ss:AutoFitHeight="0" ss:Height="15"/>
   <Row ss:AutoFitHeight="0" ss:Height="25.5" ss:Span="1"/>
   <Row ss:Index="2219" ss:AutoFitHeight="0" ss:Height="15" ss:Span="1"/>
   <Row ss:Index="2223" ss:AutoFitHeight="0" ss:Height="25.5" ss:Span="11"/>
   <Row ss:Index="2238" ss:AutoFitHeight="0" ss:Height="15"/>
   <Row ss:AutoFitHeight="0" ss:Height="25.5" ss:Span="4"/>
   <Row ss:Index="2245" ss:AutoFitHeight="0" ss:Height="15"/>
   <Row ss:AutoFitHeight="0" ss:Height="25.5" ss:Span="1"/>
   <Row ss:Index="2248" ss:AutoFitHeight="0" ss:Height="15"/>
   <Row ss:AutoFitHeight="0" ss:Height="15.75"/>
   <Row ss:AutoFitHeight="0" ss:Height="15"/>
   <Row ss:AutoFitHeight="0" ss:Height="15.75"/>
   <Row ss:AutoFitHeight="0" ss:Height="25.5" ss:Span="3"/>
   <Row ss:Index="2256" ss:AutoFitHeight="0" ss:Height="16.5" ss:Span="1"/>
   <Row ss:Index="2258" ss:AutoFitHeight="0" ss:Height="25.5"/>
   <Row ss:Index="2261" ss:AutoFitHeight="0" ss:Height="152.25"/>
   <Row ss:AutoFitHeight="0" ss:Height="104.25"/>
   <Row ss:AutoFitHeight="0" ss:Height="93"/>
   <Row ss:AutoFitHeight="0" ss:Height="150.75"/>
   <Row ss:AutoFitHeight="0" ss:Height="155.25"/>
   <Row ss:AutoFitHeight="0" ss:Height="26.25"/>
   <Row ss:AutoFitHeight="0" ss:Height="18"/>
   <Row ss:AutoFitHeight="0" ss:Height="18.75"/>
   <Row ss:AutoFitHeight="0" ss:Height="34.5"/>
   <Row ss:AutoFitHeight="0" ss:Height="21.75"/>
   <Row ss:Index="2272" ss:AutoFitHeight="0" ss:Height="165.75"/>
   <Row ss:AutoFitHeight="0" ss:Height="102"/>
   <Row ss:AutoFitHeight="0" ss:Height="89.25"/>
   <Row ss:AutoFitHeight="0" ss:Height="153" ss:Span="1"/>
   <Row ss:Index="2277" ss:AutoFitHeight="0" ss:Height="140.25"/>
   <Row ss:AutoFitHeight="0" ss:Height="216.75"/>
   <Row ss:AutoFitHeight="0" ss:Height="178.5"/>
   <Row ss:AutoFitHeight="0" ss:Height="102"/>
   <Row ss:AutoFitHeight="0" ss:Height="216.75"/>
   <Row ss:Index="2314" ss:AutoFitHeight="0" ss:Height="25.5" ss:Span="7"/>
   <Row ss:Index="2370" ss:AutoFitHeight="0" ss:Height="76.5"/>
   <Row ss:Index="2381" ss:AutoFitHeight="0" ss:Height="25.5" ss:Span="2"/>
   <Row ss:Index="2387" ss:AutoFitHeight="0" ss:Height="38.25"/>
   <Row ss:Index="2393" ss:AutoFitHeight="0" ss:Height="25.5" ss:Span="2"/>
   <Row ss:Index="2422" ss:AutoFitHeight="0" ss:Height="15"/>
   <Row ss:Index="2447" ss:AutoFitHeight="0" ss:Height="38.25"/>
   <Row ss:Index="2452" ss:AutoFitHeight="0" ss:Height="51"/>
   <Row ss:Index="2474" ss:AutoFitHeight="0" ss:Height="14.25"/>
   <Row ss:Index="2495" ss:AutoFitHeight="0" ss:Height="25.5" ss:Span="13"/>
   <Row ss:Index="2573" ss:AutoFitHeight="0" ss:Height="38.25" ss:Span="1"/>
  </Table>
  <WorksheetOptions xmlns="urn:schemas-microsoft-com:office:excel">
   <PageSetup>
    <Layout x:Orientation="Landscape"/>
    <Header x:Margin="0.51180555555555596"
     x:Data="&amp;LTime restriction sample script"/>
    <Footer x:Margin="0.51180555555555596" x:Data="&amp;CPage &amp;P"/>
    <PageMargins x:Bottom="0.98402777777777795" x:Left="0" x:Right="0"
     x:Top="0.98402777777777795"/>
   </PageSetup>
   <Print>
    <ValidPrinterInfo/>
    <PaperSizeIndex>9</PaperSizeIndex>
    <Scale>70</Scale>
    <HorizontalResolution>600</HorizontalResolution>
    <VerticalResolution>600</VerticalResolution>
   </Print>
   <Selected/>
   <TopRowVisible>45</TopRowVisible>
   <LeftColumnVisible>2</LeftColumnVisible>
   <Panes>
    <Pane>
     <Number>3</Number>
     <ActiveRow>18</ActiveRow>
     <ActiveCol>3</ActiveCol>
    </Pane>
   </Panes>
   <ProtectObjects>False</ProtectObjects>
   <ProtectScenarios>False</ProtectScenarios>
  </WorksheetOptions>
 </Worksheet>
 <Worksheet ss:Name="Sheet2">
  <Table ss:ExpandedColumnCount="1" ss:ExpandedRowCount="1" x:FullColumns="1"
   x:FullRows="1">
   <Row ss:AutoFitHeight="0"/>
  </Table>
  <WorksheetOptions xmlns="urn:schemas-microsoft-com:office:excel">
   <PageSetup>
    <Header x:Margin="0.3"/>
    <Footer x:Margin="0.3"/>
    <PageMargins x:Bottom="0.75" x:Left="0.7" x:Right="0.7" x:Top="0.75"/>
   </PageSetup>
   <ProtectObjects>False</ProtectObjects>
   <ProtectScenarios>False</ProtectScenarios>
  </WorksheetOptions>
 </Worksheet>
</Workbook>
