<?xml version="1.0"?>
<?mso-application progid="Excel.Sheet"?>
<Workbook xmlns="urn:schemas-microsoft-com:office:spreadsheet"
 xmlns:o="urn:schemas-microsoft-com:office:office"
 xmlns:x="urn:schemas-microsoft-com:office:excel"
 xmlns:ss="urn:schemas-microsoft-com:office:spreadsheet"
 xmlns:html="http://www.w3.org/TR/REC-html40">
 <DocumentProperties xmlns="urn:schemas-microsoft-com:office:office">
  <Title>Audio script template</Title>
  <Author>Maëlenn Lumineau</Author>
  <LastAuthor>danielle</LastAuthor>
  <LastPrinted>2003-10-30T09:38:41Z</LastPrinted>
  <Created>2002-06-17T19:14:00Z</Created>
  <LastSaved>2013-10-09T17:17:48Z</LastSaved>
  <Company>Electronic Arts</Company>
  <Version>12.00</Version>
 </DocumentProperties>
 <ExcelWorkbook xmlns="urn:schemas-microsoft-com:office:excel">
  <SupBook>
   <Path>\DOCUME~1\jack\LOCALS~1\Temp\p4v\PC025 perforce 1666\data\Game02\Game\Languages\Copy of Dialog_Asset_List_Final_edit.xls</Path>
   <SheetName>DropDown</SheetName>
   <SheetName>Conversations</SheetName>
   <Xct>
    <Count>2</Count>
    <SheetIndex>0</SheetIndex>
    <Crn>
     <Row>6</Row>
     <ColFirst>0</ColFirst>
     <ColLast>4</ColLast>
     <Text>clean</Text>
     <Text>TV</Text>
     <Text>radio (disturbed) </Text>
     <Text>radio (low)</Text>
     <Text>radio (heavy)</Text>
    </Crn>
    <Crn>
     <Row>9</Row>
     <ColFirst>0</ColFirst>
     <ColLast>41</ColLast>
     <Text>Player</Text>
     <Text>Barnes</Text>
     <Text>Hawker</Text>
     <Text>Sykes</Text>
     <Text>Johnson</Text>
     <Text>Cortez</Text>
     <Text>Beck</Text>
     <Text>Miller</Text>
     <Text>Baxter</Text>
     <Text>American scientist</Text>
     <Text>Shark</Text>
     <Text>Chia</Text>
     <Text>Kirovski</Text>
     <Text>Michaels</Text>
     <Text>Chang</Text>
     <Text>Marine Soldier a</Text>
     <Text>Marine Soldier b</Text>
     <Text>Chinese Soldier a</Text>
     <Text>Chinese Soldier b</Text>
     <Text>Chinese Soldier c</Text>
     <Text>Chinese Soldier d</Text>
     <Text>Chinese Soldier e</Text>
     <Text>Chinese Soldier f</Text>
     <Text>Chinese Officer a</Text>
     <Text>Chinese Officer b</Text>
     <Text>Chinese Scientist a</Text>
     <Text>Chinese Scientist b</Text>
     <Text>Chinese Scientist Female a</Text>
     <Text>Chinese Scientist Female b</Text>
     <Text>Filmcrew Member</Text>
     <Text>Morrison</Text>
     <Text>C17 Pilot a</Text>
     <Text>C17 Pilot b</Text>
     <Text>Submarine Commander Davis</Text>
     <Text>Pilot (camera)</Text>
     <Text>Bridge officer 1</Text>
     <Text>Bridge officer 2</Text>
     <Text>Carrier deck guide</Text>
     <Text>Jet Pilot</Text>
     <Text>VTOL Pilot</Text>
     <Text>Commander (camera)</Text>
     <Text>Team Two (camera)</Text>
    </Crn>
   </Xct>
  </SupBook>
  <WindowHeight>10065</WindowHeight>
  <WindowWidth>19440</WindowWidth>
  <WindowTopX>1335</WindowTopX>
  <WindowTopY>150</WindowTopY>
  <TabRatio>274</TabRatio>
  <RefModeR1C1/>
  <ProtectStructure>False</ProtectStructure>
  <ProtectWindows>False</ProtectWindows>
 </ExcelWorkbook>
 <Styles>
  <Style ss:ID="Default" ss:Name="Normal">
   <Alignment ss:Vertical="Bottom"/>
   <Borders/>
   <Font ss:FontName="Arial" x:Family="Swiss"/>
   <Interior/>
   <NumberFormat/>
   <Protection/>
  </Style>
  <Style ss:ID="s62">
   <Alignment ss:Horizontal="Left" ss:Vertical="Top" ss:WrapText="1"/>
   <Borders>
    <Border ss:Position="Bottom" ss:LineStyle="Continuous" ss:Weight="1"/>
    <Border ss:Position="Left" ss:LineStyle="Continuous" ss:Weight="1"/>
    <Border ss:Position="Right" ss:LineStyle="Continuous" ss:Weight="1"/>
    <Border ss:Position="Top" ss:LineStyle="Continuous" ss:Weight="1"/>
   </Borders>
  </Style>
  <Style ss:ID="s63">
   <Alignment ss:Horizontal="Left" ss:Vertical="Top" ss:WrapText="1"/>
   <Borders>
    <Border ss:Position="Bottom" ss:LineStyle="Continuous" ss:Weight="1"/>
    <Border ss:Position="Left" ss:LineStyle="Continuous" ss:Weight="1"/>
    <Border ss:Position="Right" ss:LineStyle="Continuous" ss:Weight="1"/>
    <Border ss:Position="Top" ss:LineStyle="Continuous" ss:Weight="1"/>
   </Borders>
   <Font ss:FontName="Courier New" x:Family="Modern" ss:Color="#FFFFFF" ss:Bold="1"/>
   <Interior ss:Color="#FFCC00" ss:Pattern="Solid"/>
  </Style>
  <Style ss:ID="s64">
   <Alignment ss:Horizontal="Left" ss:Vertical="Top" ss:WrapText="1"/>
   <Borders>
    <Border ss:Position="Bottom" ss:LineStyle="Continuous" ss:Weight="1"/>
    <Border ss:Position="Left" ss:LineStyle="Continuous" ss:Weight="1"/>
    <Border ss:Position="Right" ss:LineStyle="Continuous" ss:Weight="1"/>
    <Border ss:Position="Top" ss:LineStyle="Continuous" ss:Weight="1"/>
   </Borders>
   <Font ss:FontName="Courier New" x:Family="Modern" ss:Color="#FFFFFF" ss:Bold="1"/>
   <Interior ss:Color="#FF0000" ss:Pattern="Solid"/>
  </Style>
  <Style ss:ID="s65">
   <Alignment ss:Horizontal="Left" ss:Vertical="Top" ss:WrapText="1"/>
   <Borders>
    <Border ss:Position="Bottom" ss:LineStyle="Continuous" ss:Weight="1"/>
    <Border ss:Position="Left" ss:LineStyle="Continuous" ss:Weight="1"/>
    <Border ss:Position="Right" ss:LineStyle="Continuous" ss:Weight="1"/>
    <Border ss:Position="Top" ss:LineStyle="Continuous" ss:Weight="1"/>
   </Borders>
   <Interior/>
  </Style>
  <Style ss:ID="s66">
   <Alignment ss:Horizontal="Left" ss:Vertical="Top" ss:WrapText="1"/>
   <Borders>
    <Border ss:Position="Bottom" ss:LineStyle="Continuous" ss:Weight="1"/>
    <Border ss:Position="Left" ss:LineStyle="Continuous" ss:Weight="1"/>
    <Border ss:Position="Right" ss:LineStyle="Continuous" ss:Weight="1"/>
    <Border ss:Position="Top" ss:LineStyle="Continuous" ss:Weight="1"/>
   </Borders>
   <Font ss:FontName="Arial" x:Family="Swiss"/>
   <Interior ss:Color="#FFCC00" ss:Pattern="Solid"/>
  </Style>
  <Style ss:ID="s67">
   <Alignment ss:Horizontal="Left" ss:Vertical="Top" ss:WrapText="1"/>
   <Borders>
    <Border ss:Position="Bottom" ss:LineStyle="Continuous" ss:Weight="1"/>
    <Border ss:Position="Left" ss:LineStyle="Continuous" ss:Weight="1"/>
    <Border ss:Position="Right" ss:LineStyle="Continuous" ss:Weight="1"/>
    <Border ss:Position="Top" ss:LineStyle="Continuous" ss:Weight="1"/>
   </Borders>
   <Interior ss:Color="#FFCC00" ss:Pattern="Solid"/>
  </Style>
  <Style ss:ID="s68">
   <Alignment ss:Horizontal="Left" ss:Vertical="Top"/>
   <Borders>
    <Border ss:Position="Bottom" ss:LineStyle="Continuous" ss:Weight="1"/>
    <Border ss:Position="Left" ss:LineStyle="Continuous" ss:Weight="1"/>
    <Border ss:Position="Right" ss:LineStyle="Continuous" ss:Weight="1"/>
    <Border ss:Position="Top" ss:LineStyle="Continuous" ss:Weight="1"/>
   </Borders>
   <Interior/>
   <NumberFormat/>
   <Protection/>
  </Style>
  <Style ss:ID="s69">
   <Alignment ss:Horizontal="Left" ss:Vertical="Top" ss:WrapText="1"/>
   <Borders>
    <Border ss:Position="Bottom" ss:LineStyle="Continuous" ss:Weight="1"/>
    <Border ss:Position="Left" ss:LineStyle="Continuous" ss:Weight="1"/>
    <Border ss:Position="Right" ss:LineStyle="Continuous" ss:Weight="1"/>
    <Border ss:Position="Top" ss:LineStyle="Continuous" ss:Weight="1"/>
   </Borders>
   <Font ss:FontName="Arial" x:Family="Swiss"/>
  </Style>
  <Style ss:ID="s70">
   <Font ss:FontName="Calibri" x:Family="Swiss" ss:Size="11"/>
  </Style>
  <Style ss:ID="s71">
   <Alignment ss:Horizontal="Left" ss:Vertical="Top"/>
   <Borders>
    <Border ss:Position="Bottom" ss:LineStyle="Continuous" ss:Weight="1"/>
    <Border ss:Position="Left" ss:LineStyle="Continuous" ss:Weight="1"/>
    <Border ss:Position="Right" ss:LineStyle="Continuous" ss:Weight="1"/>
    <Border ss:Position="Top" ss:LineStyle="Continuous" ss:Weight="1"/>
   </Borders>
  </Style>
  <Style ss:ID="s72">
   <Alignment ss:Vertical="Top" ss:WrapText="1"/>
   <Borders>
    <Border ss:Position="Left" ss:LineStyle="Continuous" ss:Weight="1"/>
    <Border ss:Position="Right" ss:LineStyle="Continuous" ss:Weight="1"/>
    <Border ss:Position="Top" ss:LineStyle="Continuous" ss:Weight="1"/>
   </Borders>
  </Style>
  <Style ss:ID="s73">
   <Alignment ss:Horizontal="Left" ss:Vertical="Bottom"/>
   <Borders>
    <Border ss:Position="Left" ss:LineStyle="Continuous" ss:Weight="1"/>
    <Border ss:Position="Right" ss:LineStyle="Continuous" ss:Weight="1"/>
    <Border ss:Position="Top" ss:LineStyle="Continuous" ss:Weight="1"/>
   </Borders>
  </Style>
  <Style ss:ID="s74">
   <Borders>
    <Border ss:Position="Left" ss:LineStyle="Continuous" ss:Weight="1"/>
    <Border ss:Position="Right" ss:LineStyle="Continuous" ss:Weight="1"/>
    <Border ss:Position="Top" ss:LineStyle="Continuous" ss:Weight="1"/>
   </Borders>
  </Style>
  <Style ss:ID="s75">
   <Borders>
    <Border ss:Position="Bottom" ss:LineStyle="Continuous" ss:Weight="1"/>
    <Border ss:Position="Left" ss:LineStyle="Continuous" ss:Weight="1"/>
    <Border ss:Position="Right" ss:LineStyle="Continuous" ss:Weight="1"/>
    <Border ss:Position="Top" ss:LineStyle="Continuous" ss:Weight="1"/>
   </Borders>
  </Style>
  <Style ss:ID="s96">
   <Alignment ss:Horizontal="Left" ss:Vertical="Top" ss:WrapText="1"/>
   <Borders>
    <Border ss:Position="Bottom" ss:LineStyle="Continuous" ss:Weight="1"/>
    <Border ss:Position="Left" ss:LineStyle="Continuous" ss:Weight="1"/>
    <Border ss:Position="Right" ss:LineStyle="Continuous" ss:Weight="1"/>
    <Border ss:Position="Top" ss:LineStyle="Continuous" ss:Weight="1"/>
   </Borders>
   <Font ss:FontName="굴림" x:CharSet="129" x:Family="Modern" ss:Color="#FFFFFF"
    ss:Bold="1"/>
   <Interior ss:Color="#FF0000" ss:Pattern="Solid"/>
  </Style>
  <Style ss:ID="s97">
   <Alignment ss:Horizontal="Left" ss:Vertical="Top" ss:WrapText="1"/>
   <Borders>
    <Border ss:Position="Bottom" ss:LineStyle="Continuous" ss:Weight="1"/>
    <Border ss:Position="Left" ss:LineStyle="Continuous" ss:Weight="1"/>
    <Border ss:Position="Right" ss:LineStyle="Continuous" ss:Weight="1"/>
    <Border ss:Position="Top" ss:LineStyle="Continuous" ss:Weight="1"/>
   </Borders>
   <Font ss:FontName="굴림" x:CharSet="129" x:Family="Modern"/>
   <Interior ss:Color="#FFCC00" ss:Pattern="Solid"/>
  </Style>
  <Style ss:ID="s98">
   <Alignment ss:Horizontal="Left" ss:Vertical="Top" ss:WrapText="1"/>
   <Borders>
    <Border ss:Position="Bottom" ss:LineStyle="Continuous" ss:Weight="1"/>
    <Border ss:Position="Left" ss:LineStyle="Continuous" ss:Weight="1"/>
    <Border ss:Position="Right" ss:LineStyle="Continuous" ss:Weight="1"/>
    <Border ss:Position="Top" ss:LineStyle="Continuous" ss:Weight="1"/>
   </Borders>
   <Font ss:FontName="굴림" x:CharSet="129" x:Family="Modern"/>
  </Style>
  <Style ss:ID="s99">
   <Alignment ss:Horizontal="Left" ss:Vertical="Top"/>
   <Borders>
    <Border ss:Position="Bottom" ss:LineStyle="Continuous" ss:Weight="1"/>
    <Border ss:Position="Left" ss:LineStyle="Continuous" ss:Weight="1"/>
    <Border ss:Position="Right" ss:LineStyle="Continuous" ss:Weight="1"/>
    <Border ss:Position="Top" ss:LineStyle="Continuous" ss:Weight="1"/>
   </Borders>
   <Font ss:FontName="굴림" x:CharSet="129" x:Family="Modern"/>
   <Interior/>
   <NumberFormat/>
   <Protection/>
  </Style>
  <Style ss:ID="s100">
   <Font ss:FontName="굴림" x:CharSet="129" x:Family="Modern" ss:Size="11"/>
  </Style>
  <Style ss:ID="s101">
   <Alignment ss:Horizontal="Left" ss:Vertical="Top"/>
   <Borders>
    <Border ss:Position="Bottom" ss:LineStyle="Continuous" ss:Weight="1"/>
    <Border ss:Position="Left" ss:LineStyle="Continuous" ss:Weight="1"/>
    <Border ss:Position="Right" ss:LineStyle="Continuous" ss:Weight="1"/>
    <Border ss:Position="Top" ss:LineStyle="Continuous" ss:Weight="1"/>
   </Borders>
   <Font ss:FontName="굴림" x:CharSet="129" x:Family="Modern"/>
  </Style>
  <Style ss:ID="s102">
   <Alignment ss:Horizontal="Left" ss:Vertical="Top" ss:WrapText="1"/>
   <Borders>
    <Border ss:Position="Bottom" ss:LineStyle="Continuous" ss:Weight="1"/>
    <Border ss:Position="Left" ss:LineStyle="Continuous" ss:Weight="1"/>
    <Border ss:Position="Right" ss:LineStyle="Continuous" ss:Weight="1"/>
    <Border ss:Position="Top" ss:LineStyle="Continuous" ss:Weight="1"/>
   </Borders>
   <Font ss:FontName="굴림" x:CharSet="129" x:Family="Modern"/>
   <Interior/>
  </Style>
  <Style ss:ID="s103">
   <Alignment ss:Horizontal="Left" ss:Vertical="Bottom"/>
   <Borders>
    <Border ss:Position="Left" ss:LineStyle="Continuous" ss:Weight="1"/>
    <Border ss:Position="Right" ss:LineStyle="Continuous" ss:Weight="1"/>
    <Border ss:Position="Top" ss:LineStyle="Continuous" ss:Weight="1"/>
   </Borders>
   <Font ss:FontName="굴림" x:CharSet="129" x:Family="Modern"/>
  </Style>
  <Style ss:ID="s104">
   <Borders>
    <Border ss:Position="Bottom" ss:LineStyle="Continuous" ss:Weight="1"/>
    <Border ss:Position="Left" ss:LineStyle="Continuous" ss:Weight="1"/>
    <Border ss:Position="Right" ss:LineStyle="Continuous" ss:Weight="1"/>
    <Border ss:Position="Top" ss:LineStyle="Continuous" ss:Weight="1"/>
   </Borders>
   <Font ss:FontName="굴림" x:CharSet="129" x:Family="Modern"/>
  </Style>
  <Style ss:ID="s105">
   <Font ss:FontName="굴림" x:CharSet="129" x:Family="Modern"/>
  </Style>
 </Styles>
 <Names>
  <NamedRange ss:Name="characters"
   ss:RefersTo="='\DOCUME~1\jack\LOCALS~1\Temp\p4v\PC025 perforce 1666\data\Game02\Game\Languages\[Copy of Dialog_Asset_List_Final_edit.xls]DropDown'!R10C1:R10C42"/>
  <NamedRange ss:Name="type"
   ss:RefersTo="='\DOCUME~1\jack\LOCALS~1\Temp\p4v\PC025 perforce 1666\data\Game02\Game\Languages\[Copy of Dialog_Asset_List_Final_edit.xls]DropDown'!R7C1:R7C5"/>
 </Names>
 <Worksheet ss:Name="Sheet1">
  <Names>
   <NamedRange ss:Name="Print_Area" ss:RefersTo="=Sheet1!R1C3:R1C4"/>
  </Names>
  <Table ss:ExpandedColumnCount="5" ss:ExpandedRowCount="192" x:FullColumns="1"
   x:FullRows="1" ss:DefaultRowHeight="12">
   <Column ss:AutoFitWidth="0" ss:Width="13.5"/>
   <Column ss:Width="187.5"/>
   <Column ss:AutoFitWidth="0" ss:Width="428.25"/>
   <Column ss:StyleID="s105" ss:AutoFitWidth="0" ss:Width="329.25"/>
   <Column ss:Width="214.5"/>
   <Row ss:AutoFitHeight="0">
    <Cell ss:StyleID="s62"/>
    <Cell ss:StyleID="s63"><Data ss:Type="String">KEY</Data></Cell>
    <Cell ss:StyleID="s64"><Data ss:Type="String">ORIGINAL TEXT</Data><NamedCell
      ss:Name="Print_Area"/></Cell>
    <Cell ss:StyleID="s96"><Data ss:Type="String">TRANSLATED TEXT</Data><NamedCell
      ss:Name="Print_Area"/></Cell>
    <Cell ss:StyleID="s62"><Data ss:Type="String">CONTEXT</Data></Cell>
   </Row>
   <Row ss:AutoFitHeight="0">
    <Cell ss:StyleID="s65"/>
    <Cell ss:StyleID="s66"/>
    <Cell ss:StyleID="s67"/>
    <Cell ss:StyleID="s97"/>
    <Cell ss:StyleID="s67"/>
   </Row>
   <Row ss:AutoFitHeight="0">
    <Cell ss:StyleID="s62"/>
    <Cell ss:StyleID="s62"><Data ss:Type="String">ID_ACH_SPPRO_MES_01</Data></Cell>
    <Cell ss:StyleID="s62"><Data ss:Type="String">I HAVE A STORY TO TELL</Data></Cell>
    <Cell ss:StyleID="s98"><Data ss:Type="String">I HAVE A STORY TO TELL</Data></Cell>
    <Cell ss:StyleID="s62"/>
   </Row>
   <Row ss:AutoFitHeight="0">
    <Cell ss:StyleID="s62"/>
    <Cell ss:StyleID="s62"><Data ss:Type="String">ID_ACH_SPPRO_REQ_01</Data></Cell>
    <Cell ss:StyleID="s68"><Data ss:Type="String">COMPLETE THE BEGINNING ON ANY DIFFICULTY</Data></Cell>
    <Cell ss:StyleID="s99"><Data ss:Type="String">COMPLETE THE BEGINNING ON ANY DIFFICULTY</Data></Cell>
    <Cell ss:StyleID="s62"/>
   </Row>
   <Row ss:AutoFitHeight="0">
    <Cell ss:StyleID="s62"/>
    <Cell ss:StyleID="s62"><Data ss:Type="String">ID_ACH_SPPRO_REQ_01_SCORE</Data></Cell>
    <Cell ss:StyleID="s68"><Data ss:Type="Number">20</Data></Cell>
    <Cell ss:StyleID="s99"><Data ss:Type="Number">20</Data></Cell>
    <Cell ss:StyleID="s62"/>
   </Row>
   <Row ss:AutoFitHeight="0">
    <Cell ss:StyleID="s62"/>
    <Cell ss:StyleID="s62"><Data ss:Type="String">ID_ACH_SPPRO_MES_02</Data></Cell>
    <Cell ss:StyleID="s68"><Data ss:Type="String">I WILL AVENGE YOU, FATHER</Data></Cell>
    <Cell ss:StyleID="s99"><Data ss:Type="String">I WILL AVENGE YOU, FATHER</Data></Cell>
    <Cell ss:StyleID="s62"/>
   </Row>
   <Row ss:AutoFitHeight="0">
    <Cell ss:StyleID="s62"/>
    <Cell ss:StyleID="s62"><Data ss:Type="String">ID_ACH_SPPRO_REQ_02</Data></Cell>
    <Cell ss:StyleID="s68"><Data ss:Type="String">COMPLETE S. P. Q. R. ON ANY DIFFICULTY</Data></Cell>
    <Cell ss:StyleID="s99"><Data ss:Type="String">COMPLETE S. P. Q. R. ON ANY DIFFICULTY</Data></Cell>
    <Cell ss:StyleID="s62"/>
   </Row>
   <Row ss:AutoFitHeight="0">
    <Cell ss:StyleID="s62"/>
    <Cell ss:StyleID="s62"><Data ss:Type="String">ID_ACH_SPPRO_REQ_02_SCORE</Data></Cell>
    <Cell ss:StyleID="s68"><Data ss:Type="Number">20</Data></Cell>
    <Cell ss:StyleID="s99"><Data ss:Type="Number">20</Data></Cell>
    <Cell ss:StyleID="s62"/>
   </Row>
   <Row ss:AutoFitHeight="0">
    <Cell ss:StyleID="s62"/>
    <Cell ss:StyleID="s62"><Data ss:Type="String">ID_ACH_SPPRO_MES_03</Data></Cell>
    <Cell ss:StyleID="s68"><Data ss:Type="String">SAVING PRIVATE MARIUS</Data></Cell>
    <Cell ss:StyleID="s99"><Data ss:Type="String">SAVING PRIVATE MARIUS</Data></Cell>
    <Cell ss:StyleID="s62"/>
   </Row>
   <Row ss:AutoFitHeight="0">
    <Cell ss:StyleID="s62"/>
    <Cell ss:StyleID="s62"><Data ss:Type="String">ID_ACH_SPPRO_REQ_03</Data></Cell>
    <Cell ss:StyleID="s62"><Data ss:Type="String">COMPLETE TRIAL BY FIRE ON ANY DIFFICULTY</Data></Cell>
    <Cell ss:StyleID="s98"><Data ss:Type="String">COMPLETE TRIAL BY FIRE ON ANY DIFFICULTY</Data></Cell>
    <Cell ss:StyleID="s62"/>
   </Row>
   <Row ss:AutoFitHeight="0">
    <Cell ss:StyleID="s62"/>
    <Cell ss:StyleID="s62"><Data ss:Type="String">ID_ACH_SPPRO_REQ_03_SCORE</Data></Cell>
    <Cell ss:StyleID="s62"><Data ss:Type="Number">20</Data></Cell>
    <Cell ss:StyleID="s98"><Data ss:Type="Number">20</Data></Cell>
    <Cell ss:StyleID="s62"/>
   </Row>
   <Row ss:AutoFitHeight="0">
    <Cell ss:StyleID="s62"/>
    <Cell ss:StyleID="s62"><Data ss:Type="String">ID_ACH_SPPRO_MES_04</Data></Cell>
    <Cell ss:StyleID="s68"><Data ss:Type="String">TROUBLE IN SHERWOOD FOREST</Data></Cell>
    <Cell ss:StyleID="s99"><Data ss:Type="String">TROUBLE IN SHERWOOD FOREST</Data></Cell>
    <Cell ss:StyleID="s62"/>
   </Row>
   <Row ss:AutoFitHeight="0">
    <Cell ss:StyleID="s62"/>
    <Cell ss:StyleID="s62"><Data ss:Type="String">ID_ACH_SPPRO_REQ_04</Data></Cell>
    <Cell ss:StyleID="s68"><Data ss:Type="String">COMPLETE THE KING ON ANY DIFFICULTY</Data></Cell>
    <Cell ss:StyleID="s99"><Data ss:Type="String">COMPLETE THE KING ON ANY DIFFICULTY</Data></Cell>
    <Cell ss:StyleID="s62"/>
   </Row>
   <Row ss:AutoFitHeight="0">
    <Cell ss:StyleID="s62"/>
    <Cell ss:StyleID="s62"><Data ss:Type="String">ID_ACH_SPPRO_REQ_04_SCORE</Data></Cell>
    <Cell ss:StyleID="s68"><Data ss:Type="Number">20</Data></Cell>
    <Cell ss:StyleID="s99"><Data ss:Type="Number">20</Data></Cell>
    <Cell ss:StyleID="s62"/>
   </Row>
   <Row ss:AutoFitHeight="0">
    <Cell ss:StyleID="s62"/>
    <Cell ss:StyleID="s62"><Data ss:Type="String">ID_ACH_SPPRO_MES_05</Data></Cell>
    <Cell ss:StyleID="s68"><Data ss:Type="String">HEART OF DARKNESS</Data></Cell>
    <Cell ss:StyleID="s99"><Data ss:Type="String">HEART OF DARKNESS</Data></Cell>
    <Cell ss:StyleID="s62"/>
   </Row>
   <Row ss:AutoFitHeight="0">
    <Cell ss:StyleID="s62"/>
    <Cell ss:StyleID="s62"><Data ss:Type="String">ID_ACH_SPPRO_REQ_05</Data></Cell>
    <Cell ss:StyleID="s68"><Data ss:Type="String">COMPLETE EDGE OF THE WORLD ON ANY DIFFICULTY</Data></Cell>
    <Cell ss:StyleID="s99"><Data ss:Type="String">COMPLETE EDGE OF THE WORLD ON ANY DIFFICULTY</Data></Cell>
    <Cell ss:StyleID="s62"/>
   </Row>
   <Row ss:AutoFitHeight="0">
    <Cell ss:StyleID="s62"/>
    <Cell ss:StyleID="s62"><Data ss:Type="String">ID_ACH_SPPRO_REQ_05_SCORE</Data></Cell>
    <Cell ss:StyleID="s68"><Data ss:Type="Number">20</Data></Cell>
    <Cell ss:StyleID="s99"><Data ss:Type="Number">20</Data></Cell>
    <Cell ss:StyleID="s62"/>
   </Row>
   <Row ss:AutoFitHeight="0">
    <Cell ss:StyleID="s62"/>
    <Cell ss:StyleID="s62"><Data ss:Type="String">ID_ACH_SPPRO_MES_06</Data></Cell>
    <Cell ss:StyleID="s68"><Data ss:Type="String">SIEGE ME IF YOU CAN</Data></Cell>
    <Cell ss:StyleID="s99"><Data ss:Type="String">SIEGE ME IF YOU CAN</Data></Cell>
    <Cell ss:StyleID="s62"/>
   </Row>
   <Row ss:AutoFitHeight="0">
    <Cell ss:StyleID="s62"/>
    <Cell ss:StyleID="s62"><Data ss:Type="String">ID_ACH_SPPRO_REQ_06</Data></Cell>
    <Cell ss:StyleID="s68"><Data ss:Type="String">COMPLETE PAX ROMANA ON ANY DIFFICULTY</Data></Cell>
    <Cell ss:StyleID="s99"><Data ss:Type="String">COMPLETE PAX ROMANA ON ANY DIFFICULTY</Data></Cell>
    <Cell ss:StyleID="s62"/>
   </Row>
   <Row ss:AutoFitHeight="0">
    <Cell ss:StyleID="s62"/>
    <Cell ss:StyleID="s62"><Data ss:Type="String">ID_ACH_SPPRO_REQ_06_SCORE</Data></Cell>
    <Cell ss:StyleID="s68"><Data ss:Type="Number">20</Data></Cell>
    <Cell ss:StyleID="s99"><Data ss:Type="Number">20</Data></Cell>
    <Cell ss:StyleID="s62"/>
   </Row>
   <Row ss:AutoFitHeight="0">
    <Cell ss:StyleID="s62"/>
    <Cell ss:StyleID="s62"><Data ss:Type="String">ID_ACH_SPPRO_MES_07</Data></Cell>
    <Cell ss:StyleID="s68"><Data ss:Type="String">AVE, CAESAR</Data></Cell>
    <Cell ss:StyleID="s99"><Data ss:Type="String">AVE, CAESAR</Data></Cell>
    <Cell ss:StyleID="s62"/>
   </Row>
   <Row ss:AutoFitHeight="0">
    <Cell ss:StyleID="s62"/>
    <Cell ss:StyleID="s62"><Data ss:Type="String">ID_ACH_SPPRO_REQ_07</Data></Cell>
    <Cell ss:StyleID="s68"><Data ss:Type="String">COMPLETE THE WRATH OF NEMESIS ON ANY DIFFICULTY</Data></Cell>
    <Cell ss:StyleID="s99"><Data ss:Type="String">COMPLETE THE WRATH OF NEMESIS ON ANY DIFFICULTY</Data></Cell>
    <Cell ss:StyleID="s62"/>
   </Row>
   <Row ss:AutoFitHeight="0">
    <Cell ss:StyleID="s62"/>
    <Cell ss:StyleID="s62"><Data ss:Type="String">ID_ACH_SPPRO_REQ_07_SCORE</Data></Cell>
    <Cell ss:StyleID="s68"><Data ss:Type="Number">20</Data></Cell>
    <Cell ss:StyleID="s99"><Data ss:Type="Number">20</Data></Cell>
    <Cell ss:StyleID="s62"/>
   </Row>
   <Row ss:AutoFitHeight="0">
    <Cell ss:StyleID="s62"/>
    <Cell ss:StyleID="s62"><Data ss:Type="String">ID_ACH_SPPRO_MES_08</Data></Cell>
    <Cell ss:StyleID="s68"><Data ss:Type="String">SETTLING OLD DEBTS</Data></Cell>
    <Cell ss:StyleID="s99"><Data ss:Type="String">SETTLING OLD DEBTS</Data></Cell>
    <Cell ss:StyleID="s62"/>
   </Row>
   <Row ss:AutoFitHeight="0">
    <Cell ss:StyleID="s62"/>
    <Cell ss:StyleID="s62"><Data ss:Type="String">ID_ACH_SPPRO_REQ_08</Data></Cell>
    <Cell ss:StyleID="s68"><Data ss:Type="String">COMPLETE THE SON OF ROME ON ANY DIFFICULTY</Data></Cell>
    <Cell ss:StyleID="s99"><Data ss:Type="String">COMPLETE THE SON OF ROME ON ANY DIFFICULTY</Data></Cell>
    <Cell ss:StyleID="s62"/>
   </Row>
   <Row ss:AutoFitHeight="0">
    <Cell ss:StyleID="s62"/>
    <Cell ss:StyleID="s62"><Data ss:Type="String">ID_ACH_SPPRO_REQ_08_SCORE</Data></Cell>
    <Cell ss:StyleID="s68"><Data ss:Type="Number">20</Data></Cell>
    <Cell ss:StyleID="s99"><Data ss:Type="Number">20</Data></Cell>
    <Cell ss:StyleID="s62"/>
   </Row>
   <Row ss:AutoFitHeight="0">
    <Cell ss:StyleID="s62"/>
    <Cell ss:StyleID="s62"><Data ss:Type="String">ID_ACH_SPPRO_MES_09</Data></Cell>
    <Cell ss:StyleID="s68"><Data ss:Type="String">VINI, VIDI, VICI</Data></Cell>
    <Cell ss:StyleID="s99"><Data ss:Type="String">VINI, VIDI, VICI</Data></Cell>
    <Cell ss:StyleID="s62"/>
   </Row>
   <Row ss:AutoFitHeight="0">
    <Cell ss:StyleID="s62"/>
    <Cell ss:StyleID="s62"><Data ss:Type="String">ID_ACH_SPPRO_REQ_09</Data></Cell>
    <Cell ss:StyleID="s68"><Data ss:Type="String">COMPLETE THE GAME ON ANY DIFFICULTY</Data></Cell>
    <Cell ss:StyleID="s99"><Data ss:Type="String">COMPLETE THE GAME ON ANY DIFFICULTY</Data></Cell>
    <Cell ss:StyleID="s62"/>
   </Row>
   <Row ss:AutoFitHeight="0">
    <Cell ss:StyleID="s62"/>
    <Cell ss:StyleID="s62"><Data ss:Type="String">ID_ACH_SPPRO_REQ_09_SCORE</Data></Cell>
    <Cell ss:StyleID="s68"><Data ss:Type="Number">20</Data></Cell>
    <Cell ss:StyleID="s99"><Data ss:Type="Number">20</Data></Cell>
    <Cell ss:StyleID="s62"/>
   </Row>
   <Row ss:AutoFitHeight="0">
    <Cell ss:StyleID="s62"/>
    <Cell ss:StyleID="s62"><Data ss:Type="String">ID_ACH_SPPRO_MES_10</Data></Cell>
    <Cell ss:StyleID="s68"><Data ss:Type="String">FIRST BLOOD</Data></Cell>
    <Cell ss:StyleID="s99"><Data ss:Type="String">FIRST BLOOD</Data></Cell>
    <Cell ss:StyleID="s62"/>
   </Row>
   <Row ss:AutoFitHeight="0">
    <Cell ss:StyleID="s62"/>
    <Cell ss:StyleID="s62"><Data ss:Type="String">ID_ACH_SPPRO_REQ_10</Data></Cell>
    <Cell ss:StyleID="s68"><Data ss:Type="String">PERFORM YOUR FIRST COMBAT EXECUTION</Data></Cell>
    <Cell ss:StyleID="s99"><Data ss:Type="String">PERFORM YOUR FIRST COMBAT EXECUTION</Data></Cell>
    <Cell ss:StyleID="s62"/>
   </Row>
   <Row ss:AutoFitHeight="0">
    <Cell ss:StyleID="s62"/>
    <Cell ss:StyleID="s62"><Data ss:Type="String">ID_ACH_SPPRO_REQ_10_SCORE</Data></Cell>
    <Cell ss:StyleID="s68"><Data ss:Type="Number">5</Data></Cell>
    <Cell ss:StyleID="s99"><Data ss:Type="Number">5</Data></Cell>
    <Cell ss:StyleID="s62"/>
   </Row>
   <Row ss:AutoFitHeight="0">
    <Cell ss:StyleID="s62"/>
    <Cell ss:StyleID="s62"><Data ss:Type="String">ID_ACH_SPPRO_MES_11</Data></Cell>
    <Cell ss:StyleID="s68"><Data ss:Type="String">TIME TO FLY</Data></Cell>
    <Cell ss:StyleID="s99"><Data ss:Type="String">TIME TO FLY</Data></Cell>
    <Cell ss:StyleID="s62"/>
   </Row>
   <Row ss:AutoFitHeight="0">
    <Cell ss:StyleID="s62"/>
    <Cell ss:StyleID="s62"><Data ss:Type="String">ID_ACH_SPPRO_REQ_11</Data></Cell>
    <Cell ss:StyleID="s68"><Data ss:Type="String">PERFORM YOUR FIRST ENVIRONMENTAL EXECUTION</Data></Cell>
    <Cell ss:StyleID="s99"><Data ss:Type="String">PERFORM YOUR FIRST ENVIRONMENTAL EXECUTION</Data></Cell>
    <Cell ss:StyleID="s62"/>
   </Row>
   <Row ss:AutoFitHeight="0">
    <Cell ss:StyleID="s62"/>
    <Cell ss:StyleID="s62"><Data ss:Type="String">ID_ACH_SPPRO_REQ_11_SCORE</Data></Cell>
    <Cell ss:StyleID="s68"><Data ss:Type="Number">5</Data></Cell>
    <Cell ss:StyleID="s99"><Data ss:Type="Number">5</Data></Cell>
    <Cell ss:StyleID="s62"/>
   </Row>
   <Row ss:AutoFitHeight="0">
    <Cell ss:StyleID="s62"/>
    <Cell ss:StyleID="s62"><Data ss:Type="String">ID_ACH_SPPRO_MES_12</Data></Cell>
    <Cell ss:StyleID="s68"><Data ss:Type="String">GIVE CAESAR WHAT IS HIS</Data></Cell>
    <Cell ss:StyleID="s99"><Data ss:Type="String">GIVE CAESAR WHAT IS HIS</Data></Cell>
    <Cell ss:StyleID="s62"/>
   </Row>
   <Row ss:AutoFitHeight="0">
    <Cell ss:StyleID="s62"/>
    <Cell ss:StyleID="s62"><Data ss:Type="String">ID_ACH_SPPRO_REQ_12</Data></Cell>
    <Cell ss:StyleID="s62"><Data ss:Type="String">PURCHASE AND USE AN UPGRADE IN COMBAT</Data></Cell>
    <Cell ss:StyleID="s98"><Data ss:Type="String">PURCHASE AND USE AN UPGRADE IN COMBAT</Data></Cell>
    <Cell ss:StyleID="s62"/>
   </Row>
   <Row ss:AutoFitHeight="0">
    <Cell ss:StyleID="s62"/>
    <Cell ss:StyleID="s62"><Data ss:Type="String">ID_ACH_SPPRO_REQ_12_SCORE</Data></Cell>
    <Cell ss:StyleID="s62"><Data ss:Type="Number">10</Data></Cell>
    <Cell ss:StyleID="s98"><Data ss:Type="Number">10</Data></Cell>
    <Cell ss:StyleID="s62"/>
   </Row>
   <Row ss:AutoFitHeight="0">
    <Cell ss:StyleID="s62"/>
    <Cell ss:StyleID="s62"><Data ss:Type="String">ID_ACH_SPPRO_MES_13</Data></Cell>
    <Cell ss:StyleID="s62"><Data ss:Type="String">SOMETHING I FOUND ON THE WAY TO THE FORUM</Data></Cell>
    <Cell ss:StyleID="s98"><Data ss:Type="String">SOMETHING I FOUND ON THE WAY TO THE FORUM</Data></Cell>
    <Cell ss:StyleID="s62"/>
   </Row>
   <Row ss:AutoFitHeight="0">
    <Cell ss:StyleID="s62"/>
    <Cell ss:StyleID="s62"><Data ss:Type="String">ID_ACH_SPPRO_REQ_13</Data></Cell>
    <Cell ss:StyleID="s62"><Data ss:Type="String">COLLECT ONE CHRONICLE</Data></Cell>
    <Cell ss:StyleID="s98"><Data ss:Type="String">COLLECT ONE CHRONICLE</Data></Cell>
    <Cell ss:StyleID="s62"/>
   </Row>
   <Row ss:AutoFitHeight="0">
    <Cell ss:StyleID="s62"/>
    <Cell ss:StyleID="s62"><Data ss:Type="String">ID_ACH_SPPRO_REQ_13_SCORE</Data></Cell>
    <Cell ss:StyleID="s62"><Data ss:Type="Number">5</Data></Cell>
    <Cell ss:StyleID="s98"><Data ss:Type="Number">5</Data></Cell>
    <Cell ss:StyleID="s62"/>
   </Row>
   <Row ss:AutoFitHeight="0">
    <Cell ss:StyleID="s62"/>
    <Cell ss:StyleID="s62"><Data ss:Type="String">ID_ACH_SPPRO_MES_14</Data></Cell>
    <Cell ss:StyleID="s62"><Data ss:Type="String">ROMAN TOURIST</Data></Cell>
    <Cell ss:StyleID="s98"><Data ss:Type="String">ROMAN TOURIST</Data></Cell>
    <Cell ss:StyleID="s62"/>
   </Row>
   <Row ss:AutoFitHeight="0">
    <Cell ss:StyleID="s62"/>
    <Cell ss:StyleID="s62"><Data ss:Type="String">ID_ACH_SPPRO_REQ_14</Data></Cell>
    <Cell ss:StyleID="s62"><Data ss:Type="String">COLLECT YOUR FIRST VISTA</Data></Cell>
    <Cell ss:StyleID="s98"><Data ss:Type="String">COLLECT YOUR FIRST VISTA</Data></Cell>
    <Cell ss:StyleID="s62"/>
   </Row>
   <Row ss:AutoFitHeight="0">
    <Cell ss:StyleID="s62"/>
    <Cell ss:StyleID="s62"><Data ss:Type="String">ID_ACH_SPPRO_REQ_14_SCORE</Data></Cell>
    <Cell ss:StyleID="s62"><Data ss:Type="Number">5</Data></Cell>
    <Cell ss:StyleID="s98"><Data ss:Type="Number">5</Data></Cell>
    <Cell ss:StyleID="s62"/>
   </Row>
   <Row ss:AutoFitHeight="0">
    <Cell ss:StyleID="s62"/>
    <Cell ss:StyleID="s62"><Data ss:Type="String">ID_ACH_SPPRO_MES_15</Data></Cell>
    <Cell ss:StyleID="s62"><Data ss:Type="String">LETTERS FROM THE FRONT</Data></Cell>
    <Cell ss:StyleID="s98"><Data ss:Type="String">LETTERS FROM THE FRONT</Data></Cell>
    <Cell ss:StyleID="s62"/>
   </Row>
   <Row ss:AutoFitHeight="0">
    <Cell ss:StyleID="s62"/>
    <Cell ss:StyleID="s62"><Data ss:Type="String">ID_ACH_SPPRO_REQ_15</Data></Cell>
    <Cell ss:StyleID="s62"><Data ss:Type="String">COLLECT ONE SCROLL</Data></Cell>
    <Cell ss:StyleID="s98"><Data ss:Type="String">COLLECT ONE SCROLL</Data></Cell>
    <Cell ss:StyleID="s62"/>
   </Row>
   <Row ss:AutoFitHeight="0">
    <Cell ss:StyleID="s62"/>
    <Cell ss:StyleID="s62"><Data ss:Type="String">ID_ACH_SPPRO_REQ_15_SCORE</Data></Cell>
    <Cell ss:StyleID="s62"><Data ss:Type="Number">5</Data></Cell>
    <Cell ss:StyleID="s98"><Data ss:Type="Number">5</Data></Cell>
    <Cell ss:StyleID="s62"/>
   </Row>
   <Row ss:AutoFitHeight="0">
    <Cell ss:StyleID="s62"/>
    <Cell ss:StyleID="s62"><Data ss:Type="String">ID_ACH_SPPRO_MES_16</Data></Cell>
    <Cell ss:StyleID="s62"><Data ss:Type="String">ROMAN PERFECTION</Data></Cell>
    <Cell ss:StyleID="s98"><Data ss:Type="String">ROMAN PERFECTION</Data></Cell>
    <Cell ss:StyleID="s62"/>
   </Row>
   <Row ss:AutoFitHeight="0">
    <Cell ss:StyleID="s62"/>
    <Cell ss:StyleID="s62"><Data ss:Type="String">ID_ACH_SPPRO_REQ_16</Data></Cell>
    <Cell ss:StyleID="s62"><Data ss:Type="String">GET 4 TRIPLE EAGLE MEDALS IN A SINGLE ENCOUNTER</Data></Cell>
    <Cell ss:StyleID="s98"><Data ss:Type="String">GET 4 TRIPLE EAGLE MEDALS IN A SINGLE ENCOUNTER</Data></Cell>
    <Cell ss:StyleID="s62"/>
   </Row>
   <Row ss:AutoFitHeight="0">
    <Cell ss:StyleID="s62"/>
    <Cell ss:StyleID="s62"><Data ss:Type="String">ID_ACH_SPPRO_REQ_16_SCORE</Data></Cell>
    <Cell ss:StyleID="s62"><Data ss:Type="Number">20</Data></Cell>
    <Cell ss:StyleID="s98"><Data ss:Type="Number">20</Data></Cell>
    <Cell ss:StyleID="s62"/>
   </Row>
   <Row ss:AutoFitHeight="0">
    <Cell ss:StyleID="s62"/>
    <Cell ss:StyleID="s62"><Data ss:Type="String">ID_ACH_SPSTO_MES_01</Data></Cell>
    <Cell ss:StyleID="s62"><Data ss:Type="String">TO PROTECT AND TO SERVE</Data></Cell>
    <Cell ss:StyleID="s98"><Data ss:Type="String">TO PROTECT AND TO SERVE</Data></Cell>
    <Cell ss:StyleID="s62"/>
   </Row>
   <Row ss:AutoFitHeight="0">
    <Cell ss:StyleID="s62"/>
    <Cell ss:StyleID="s62"><Data ss:Type="String">ID_ACH_SPSTO_REQ_01</Data></Cell>
    <Cell ss:StyleID="s62"><Data ss:Type="String">MEET NERO</Data></Cell>
    <Cell ss:StyleID="s98"><Data ss:Type="String">MEET NERO</Data></Cell>
    <Cell ss:StyleID="s62"/>
   </Row>
   <Row ss:AutoFitHeight="0">
    <Cell ss:StyleID="s62"/>
    <Cell ss:StyleID="s62"><Data ss:Type="String">ID_ACH_SPSTO_REQ_01_SCORE</Data></Cell>
    <Cell ss:StyleID="s62"><Data ss:Type="Number">10</Data></Cell>
    <Cell ss:StyleID="s98"><Data ss:Type="Number">10</Data></Cell>
    <Cell ss:StyleID="s62"/>
   </Row>
   <Row ss:AutoFitHeight="0">
    <Cell ss:StyleID="s62"/>
    <Cell ss:StyleID="s62"><Data ss:Type="String">ID_ACH_SPSTO_MES_02</Data></Cell>
    <Cell ss:StyleID="s62"><Data ss:Type="String">FOREVER LOST</Data></Cell>
    <Cell ss:StyleID="s98"><Data ss:Type="String">FOREVER LOST</Data></Cell>
    <Cell ss:StyleID="s62"/>
   </Row>
   <Row ss:AutoFitHeight="0">
    <Cell ss:StyleID="s62"/>
    <Cell ss:StyleID="s62"><Data ss:Type="String">ID_ACH_SPSTO_REQ_02</Data></Cell>
    <Cell ss:StyleID="s62"><Data ss:Type="String">FIND YOUR MOTHER AND SISTER</Data></Cell>
    <Cell ss:StyleID="s98"><Data ss:Type="String">FIND YOUR MOTHER AND SISTER</Data></Cell>
    <Cell ss:StyleID="s62"/>
   </Row>
   <Row ss:AutoFitHeight="0">
    <Cell ss:StyleID="s62"/>
    <Cell ss:StyleID="s62"><Data ss:Type="String">ID_ACH_SPSTO_REQ_02_SCORE</Data></Cell>
    <Cell ss:StyleID="s62"><Data ss:Type="Number">10</Data></Cell>
    <Cell ss:StyleID="s98"><Data ss:Type="Number">10</Data></Cell>
    <Cell ss:StyleID="s62"/>
   </Row>
   <Row ss:AutoFitHeight="0">
    <Cell ss:StyleID="s62"/>
    <Cell ss:StyleID="s62"><Data ss:Type="String">ID_ACH_SPSTO_MES_03</Data></Cell>
    <Cell ss:StyleID="s62"><Data ss:Type="String">WHO'S THAT GIRL?</Data></Cell>
    <Cell ss:StyleID="s98"><Data ss:Type="String">WHO'S THAT GIRL?</Data></Cell>
    <Cell ss:StyleID="s62"/>
   </Row>
   <Row ss:AutoFitHeight="0">
    <Cell ss:StyleID="s62"/>
    <Cell ss:StyleID="s62"><Data ss:Type="String">ID_ACH_SPSTO_REQ_03</Data></Cell>
    <Cell ss:StyleID="s62"><Data ss:Type="String">MEET BOUDICA</Data></Cell>
    <Cell ss:StyleID="s98"><Data ss:Type="String">MEET BOUDICA</Data></Cell>
    <Cell ss:StyleID="s62"/>
   </Row>
   <Row ss:AutoFitHeight="0">
    <Cell ss:StyleID="s62"/>
    <Cell ss:StyleID="s62"><Data ss:Type="String">ID_ACH_SPSTO_REQ_03_SCORE</Data></Cell>
    <Cell ss:StyleID="s62"><Data ss:Type="Number">10</Data></Cell>
    <Cell ss:StyleID="s98"><Data ss:Type="Number">10</Data></Cell>
    <Cell ss:StyleID="s62"/>
   </Row>
   <Row ss:AutoFitHeight="0">
    <Cell ss:StyleID="s62"/>
    <Cell ss:StyleID="s62"><Data ss:Type="String">ID_ACH_SPSTO_MES_04</Data></Cell>
    <Cell ss:StyleID="s62"><Data ss:Type="String">INNER DEMONS</Data></Cell>
    <Cell ss:StyleID="s98"><Data ss:Type="String">INNER DEMONS</Data></Cell>
    <Cell ss:StyleID="s62"/>
   </Row>
   <Row ss:AutoFitHeight="0">
    <Cell ss:StyleID="s62"/>
    <Cell ss:StyleID="s62"><Data ss:Type="String">ID_ACH_SPSTO_REQ_04</Data></Cell>
    <Cell ss:StyleID="s62"><Data ss:Type="String">FIND OUT WHAT REALLY HAPPENED TO YOUR PARENTS</Data></Cell>
    <Cell ss:StyleID="s98"><Data ss:Type="String">FIND OUT WHAT REALLY HAPPENED TO YOUR PARENTS</Data></Cell>
    <Cell ss:StyleID="s62"/>
   </Row>
   <Row ss:AutoFitHeight="0">
    <Cell ss:StyleID="s62"/>
    <Cell ss:StyleID="s62"><Data ss:Type="String">ID_ACH_SPSTO_REQ_04_SCORE</Data></Cell>
    <Cell ss:StyleID="s62"><Data ss:Type="Number">10</Data></Cell>
    <Cell ss:StyleID="s98"><Data ss:Type="Number">10</Data></Cell>
    <Cell ss:StyleID="s62"/>
   </Row>
   <Row ss:AutoFitHeight="0">
    <Cell ss:StyleID="s62"/>
    <Cell ss:StyleID="s62"><Data ss:Type="String">ID_ACH_SPSTO_MES_05</Data></Cell>
    <Cell ss:StyleID="s62"><Data ss:Type="String">FROM THE DEAD</Data></Cell>
    <Cell ss:StyleID="s98"><Data ss:Type="String">FROM THE DEAD</Data></Cell>
    <Cell ss:StyleID="s62"/>
   </Row>
   <Row ss:AutoFitHeight="0">
    <Cell ss:StyleID="s62"/>
    <Cell ss:StyleID="s62"><Data ss:Type="String">ID_ACH_SPSTO_REQ_05</Data></Cell>
    <Cell ss:StyleID="s62"><Data ss:Type="String">BECOME THE RIGHTEOUS HAND OF VENGEANCE</Data></Cell>
    <Cell ss:StyleID="s98"><Data ss:Type="String">BECOME THE RIGHTEOUS HAND OF VENGEANCE</Data></Cell>
    <Cell ss:StyleID="s62"/>
   </Row>
   <Row ss:AutoFitHeight="0">
    <Cell ss:StyleID="s62"/>
    <Cell ss:StyleID="s62"><Data ss:Type="String">ID_ACH_SPSTO_REQ_05_SCORE</Data></Cell>
    <Cell ss:StyleID="s62"><Data ss:Type="Number">10</Data></Cell>
    <Cell ss:StyleID="s98"><Data ss:Type="Number">10</Data></Cell>
    <Cell ss:StyleID="s62"/>
   </Row>
   <Row ss:AutoFitHeight="0">
    <Cell ss:StyleID="s62"/>
    <Cell ss:StyleID="s62"><Data ss:Type="String">ID_ACH_SPSTO_MES_06</Data></Cell>
    <Cell ss:StyleID="s62"><Data ss:Type="String">THE BIGGER THEY ARE …</Data></Cell>
    <Cell ss:StyleID="s98"><Data ss:Type="String">THE BIGGER THEY ARE …</Data></Cell>
    <Cell ss:StyleID="s62"/>
   </Row>
   <Row ss:AutoFitHeight="0">
    <Cell ss:StyleID="s62"/>
    <Cell ss:StyleID="s62"><Data ss:Type="String">ID_ACH_SPSTO_REQ_06</Data></Cell>
    <Cell ss:StyleID="s62"><Data ss:Type="String">DEFEAT GLOTT</Data></Cell>
    <Cell ss:StyleID="s98"><Data ss:Type="String">DEFEAT GLOTT</Data></Cell>
    <Cell ss:StyleID="s62"/>
   </Row>
   <Row ss:AutoFitHeight="0">
    <Cell ss:StyleID="s62"/>
    <Cell ss:StyleID="s62"><Data ss:Type="String">ID_ACH_SPSTO_REQ_06_SCORE</Data></Cell>
    <Cell ss:StyleID="s62"><Data ss:Type="Number">10</Data></Cell>
    <Cell ss:StyleID="s98"><Data ss:Type="Number">10</Data></Cell>
    <Cell ss:StyleID="s62"/>
   </Row>
   <Row ss:AutoFitHeight="0">
    <Cell ss:StyleID="s62"/>
    <Cell ss:StyleID="s62"><Data ss:Type="String">ID_ACH_SPSTO_MES_07</Data></Cell>
    <Cell ss:StyleID="s62"><Data ss:Type="String">NEVER GIVE UP, NEVER SURRENDER</Data></Cell>
    <Cell ss:StyleID="s98"><Data ss:Type="String">NEVER GIVE UP, NEVER SURRENDER</Data></Cell>
    <Cell ss:StyleID="s62"/>
   </Row>
   <Row ss:AutoFitHeight="0">
    <Cell ss:StyleID="s62"/>
    <Cell ss:StyleID="s62"><Data ss:Type="String">ID_ACH_SPSTO_REQ_07</Data></Cell>
    <Cell ss:StyleID="s62"><Data ss:Type="String">DEFEAT COMMODUS</Data></Cell>
    <Cell ss:StyleID="s98"><Data ss:Type="String">DEFEAT COMMODUS</Data></Cell>
    <Cell ss:StyleID="s62"/>
   </Row>
   <Row ss:AutoFitHeight="0">
    <Cell ss:StyleID="s62"/>
    <Cell ss:StyleID="s62"><Data ss:Type="String">ID_ACH_SPSTO_REQ_07_SCORE</Data></Cell>
    <Cell ss:StyleID="s62"><Data ss:Type="Number">10</Data></Cell>
    <Cell ss:StyleID="s98"><Data ss:Type="Number">10</Data></Cell>
    <Cell ss:StyleID="s62"/>
   </Row>
   <Row ss:AutoFitHeight="0">
    <Cell ss:StyleID="s62"/>
    <Cell ss:StyleID="s62"><Data ss:Type="String">ID_ACH_SPSTO_MES_08</Data></Cell>
    <Cell ss:StyleID="s62"><Data ss:Type="String">THE BIGGER THEY ARE …</Data></Cell>
    <Cell ss:StyleID="s98"><Data ss:Type="String">THE BIGGER THEY ARE …</Data></Cell>
    <Cell ss:StyleID="s62"/>
   </Row>
   <Row ss:AutoFitHeight="0">
    <Cell ss:StyleID="s62"/>
    <Cell ss:StyleID="s62"><Data ss:Type="String">ID_ACH_SPSTO_REQ_08</Data></Cell>
    <Cell ss:StyleID="s62"><Data ss:Type="String">DEFEAT BOUDICA</Data></Cell>
    <Cell ss:StyleID="s98"><Data ss:Type="String">DEFEAT BOUDICA</Data></Cell>
    <Cell ss:StyleID="s62"/>
   </Row>
   <Row ss:AutoFitHeight="0">
    <Cell ss:StyleID="s62"/>
    <Cell ss:StyleID="s62"><Data ss:Type="String">ID_ACH_SPSTO_REQ_08_SCORE</Data></Cell>
    <Cell ss:StyleID="s62"><Data ss:Type="Number">10</Data></Cell>
    <Cell ss:StyleID="s98"><Data ss:Type="Number">10</Data></Cell>
    <Cell ss:StyleID="s62"/>
   </Row>
   <Row ss:AutoFitHeight="0">
    <Cell ss:StyleID="s62"/>
    <Cell ss:StyleID="s62"><Data ss:Type="String">ID_ACH_SPCOL_MES_01</Data></Cell>
    <Cell ss:StyleID="s62"><Data ss:Type="String">BEEN THERE, DONE THAT</Data></Cell>
    <Cell ss:StyleID="s98"><Data ss:Type="String">BEEN THERE, DONE THAT</Data></Cell>
    <Cell ss:StyleID="s62"/>
   </Row>
   <Row ss:AutoFitHeight="0">
    <Cell ss:StyleID="s62"/>
    <Cell ss:StyleID="s62"><Data ss:Type="String">ID_ACH_SPCOL_REQ_01</Data></Cell>
    <Cell ss:StyleID="s62"><Data ss:Type="String">REPLAY ANY SINGLE-PLAYER LEVEL</Data></Cell>
    <Cell ss:StyleID="s98"><Data ss:Type="String">REPLAY ANY SINGLE-PLAYER LEVEL</Data></Cell>
    <Cell ss:StyleID="s62"/>
   </Row>
   <Row ss:AutoFitHeight="0">
    <Cell ss:StyleID="s62"/>
    <Cell ss:StyleID="s62"><Data ss:Type="String">ID_ACH_SPCOL_REQ_01_SCORE</Data></Cell>
    <Cell ss:StyleID="s62"><Data ss:Type="Number">10</Data></Cell>
    <Cell ss:StyleID="s98"><Data ss:Type="Number">10</Data></Cell>
    <Cell ss:StyleID="s62"/>
   </Row>
   <Row ss:AutoFitHeight="0">
    <Cell ss:StyleID="s62"/>
    <Cell ss:StyleID="s62"><Data ss:Type="String">ID_ACH_SPCOL_MES_02</Data></Cell>
    <Cell ss:StyleID="s62"><Data ss:Type="String">AVID READER</Data></Cell>
    <Cell ss:StyleID="s98"><Data ss:Type="String">AVID READER</Data></Cell>
    <Cell ss:StyleID="s62"/>
   </Row>
   <Row ss:AutoFitHeight="0">
    <Cell ss:StyleID="s62"/>
    <Cell ss:StyleID="s62"><Data ss:Type="String">ID_ACH_SPCOL_REQ_02</Data></Cell>
    <Cell ss:StyleID="s62"><Data ss:Type="String">COMPLETE A COMIC BOOK BY COLLECTING 6 SECRETS IN A LEVEL</Data></Cell>
    <Cell ss:StyleID="s98"><Data ss:Type="String">COMPLETE A COMIC BOOK BY COLLECTING 6 SECRETS IN A LEVEL</Data></Cell>
    <Cell ss:StyleID="s62"/>
   </Row>
   <Row ss:AutoFitHeight="0">
    <Cell ss:StyleID="s62"/>
    <Cell ss:StyleID="s62"><Data ss:Type="String">ID_ACH_SPCOL_REQ_02_SCORE</Data></Cell>
    <Cell ss:StyleID="s62"><Data ss:Type="Number">10</Data></Cell>
    <Cell ss:StyleID="s98"><Data ss:Type="Number">10</Data></Cell>
    <Cell ss:StyleID="s62"/>
   </Row>
   <Row ss:AutoFitHeight="0">
    <Cell ss:StyleID="s62"/>
    <Cell ss:StyleID="s62"><Data ss:Type="String">ID_ACH_SPCOL_MES_04</Data></Cell>
    <Cell ss:StyleID="s62"><Data ss:Type="String">PHOTO ALBUM</Data></Cell>
    <Cell ss:StyleID="s98"><Data ss:Type="String">PHOTO ALBUM</Data></Cell>
    <Cell ss:StyleID="s62"/>
   </Row>
   <Row ss:AutoFitHeight="0">
    <Cell ss:StyleID="s62"/>
    <Cell ss:StyleID="s62"><Data ss:Type="String">ID_ACH_SPCOL_REQ_04</Data></Cell>
    <Cell ss:StyleID="s62"><Data ss:Type="String">COLLECT ALL THE VISTAS</Data></Cell>
    <Cell ss:StyleID="s98"><Data ss:Type="String">COLLECT ALL THE VISTAS</Data></Cell>
    <Cell ss:StyleID="s62"/>
   </Row>
   <Row ss:AutoFitHeight="0">
    <Cell ss:StyleID="s62"/>
    <Cell ss:StyleID="s62"><Data ss:Type="String">ID_ACH_SPCOL_REQ_04_SCORE</Data></Cell>
    <Cell ss:StyleID="s62"><Data ss:Type="Number">30</Data></Cell>
    <Cell ss:StyleID="s98"><Data ss:Type="Number">30</Data></Cell>
    <Cell ss:StyleID="s62"/>
   </Row>
   <Row ss:AutoFitHeight="0">
    <Cell ss:StyleID="s62"/>
    <Cell ss:StyleID="s62"><Data ss:Type="String">ID_ACH_SPCOL_MES_05</Data></Cell>
    <Cell ss:StyleID="s62"><Data ss:Type="String">FINDERS KEEPERS</Data></Cell>
    <Cell ss:StyleID="s98"><Data ss:Type="String">FINDERS KEEPERS</Data></Cell>
    <Cell ss:StyleID="s62"/>
   </Row>
   <Row ss:AutoFitHeight="0">
    <Cell ss:StyleID="s62"/>
    <Cell ss:StyleID="s62"><Data ss:Type="String">ID_ACH_SPCOL_REQ_05</Data></Cell>
    <Cell ss:StyleID="s62"><Data ss:Type="String">COLLECT ALL THE CHRONICLES</Data></Cell>
    <Cell ss:StyleID="s98"><Data ss:Type="String">COLLECT ALL THE CHRONICLES</Data></Cell>
    <Cell ss:StyleID="s62"/>
   </Row>
   <Row ss:AutoFitHeight="0">
    <Cell ss:StyleID="s62"/>
    <Cell ss:StyleID="s62"><Data ss:Type="String">ID_ACH_SPCOL_REQ_05_SCORE</Data></Cell>
    <Cell ss:StyleID="s62"><Data ss:Type="Number">30</Data></Cell>
    <Cell ss:StyleID="s98"><Data ss:Type="Number">30</Data></Cell>
    <Cell ss:StyleID="s62"/>
   </Row>
   <Row ss:AutoFitHeight="0">
    <Cell ss:StyleID="s62"/>
    <Cell ss:StyleID="s62"><Data ss:Type="String">ID_ACH_SPCOL_MES_06</Data></Cell>
    <Cell ss:StyleID="s62"><Data ss:Type="String">ANCIENT SCHOLAR</Data></Cell>
    <Cell ss:StyleID="s98"><Data ss:Type="String">ANCIENT SCHOLAR</Data></Cell>
    <Cell ss:StyleID="s62"/>
   </Row>
   <Row ss:AutoFitHeight="0">
    <Cell ss:StyleID="s62"/>
    <Cell ss:StyleID="s62"><Data ss:Type="String">ID_ACH_SPCOL_REQ_06</Data></Cell>
    <Cell ss:StyleID="s62"><Data ss:Type="String">COLLECT ALL THE SCROLLS</Data></Cell>
    <Cell ss:StyleID="s98"><Data ss:Type="String">COLLECT ALL THE SCROLLS</Data></Cell>
    <Cell ss:StyleID="s62"/>
   </Row>
   <Row ss:AutoFitHeight="0">
    <Cell ss:StyleID="s62"/>
    <Cell ss:StyleID="s62"><Data ss:Type="String">ID_ACH_SPCOL_REQ_06_SCORE</Data></Cell>
    <Cell ss:StyleID="s62"><Data ss:Type="Number">30</Data></Cell>
    <Cell ss:StyleID="s98"><Data ss:Type="Number">30</Data></Cell>
    <Cell ss:StyleID="s62"/>
   </Row>
   <Row ss:AutoFitHeight="0">
    <Cell ss:StyleID="s62"/>
    <Cell ss:StyleID="s62"><Data ss:Type="String">ID_ACH_SPCOL_MES_07</Data></Cell>
    <Cell ss:StyleID="s62"><Data ss:Type="String">MEDIUM RARE</Data></Cell>
    <Cell ss:StyleID="s98"><Data ss:Type="String">MEDIUM RARE</Data></Cell>
    <Cell ss:StyleID="s62"/>
   </Row>
   <Row ss:AutoFitHeight="0">
    <Cell ss:StyleID="s62"/>
    <Cell ss:StyleID="s62"><Data ss:Type="String">ID_ACH_SPCOL_REQ_07</Data></Cell>
    <Cell ss:StyleID="s62"><Data ss:Type="String">SET FIRE TO AN ENEMY</Data></Cell>
    <Cell ss:StyleID="s98"><Data ss:Type="String">SET FIRE TO AN ENEMY</Data></Cell>
    <Cell ss:StyleID="s62"/>
   </Row>
   <Row ss:AutoFitHeight="0">
    <Cell ss:StyleID="s62"/>
    <Cell ss:StyleID="s62"><Data ss:Type="String">ID_ACH_SPCOL_REQ_07_SCORE</Data></Cell>
    <Cell ss:StyleID="s62"><Data ss:Type="Number">10</Data></Cell>
    <Cell ss:StyleID="s98"><Data ss:Type="Number">10</Data></Cell>
    <Cell ss:StyleID="s62"/>
   </Row>
   <Row ss:AutoFitHeight="0">
    <Cell ss:StyleID="s62"/>
    <Cell ss:StyleID="s62"><Data ss:Type="String">ID_ACH_SPCOL_MES_08</Data></Cell>
    <Cell ss:StyleID="s62"><Data ss:Type="String">THERE'S NO SUCH THING AS LUCK</Data></Cell>
    <Cell ss:StyleID="s98"><Data ss:Type="String">THERE'S NO SUCH THING AS LUCK</Data></Cell>
    <Cell ss:StyleID="s62"/>
   </Row>
   <Row ss:AutoFitHeight="0">
    <Cell ss:StyleID="s62"/>
    <Cell ss:StyleID="s62"><Data ss:Type="String">ID_ACH_SPCOL_REQ_08</Data></Cell>
    <Cell ss:StyleID="s62"><Data ss:Type="String">KILL AN ENEMY BY PERFECTLY DEFLECTING AN ARROW</Data></Cell>
    <Cell ss:StyleID="s98"><Data ss:Type="String">KILL AN ENEMY BY PERFECTLY DEFLECTING AN ARROW</Data></Cell>
    <Cell ss:StyleID="s62"/>
   </Row>
   <Row ss:AutoFitHeight="0">
    <Cell ss:StyleID="s62"/>
    <Cell ss:StyleID="s62"><Data ss:Type="String">ID_ACH_SPCOL_REQ_08_SCORE</Data></Cell>
    <Cell ss:StyleID="s62"><Data ss:Type="Number">10</Data></Cell>
    <Cell ss:StyleID="s98"><Data ss:Type="Number">10</Data></Cell>
    <Cell ss:StyleID="s62"/>
   </Row>
   <Row ss:AutoFitHeight="0">
    <Cell ss:StyleID="s62"/>
    <Cell ss:StyleID="s62"><Data ss:Type="String">ID_ACH_SPHAR_MES_01</Data></Cell>
    <Cell ss:StyleID="s62"><Data ss:Type="String">I HAVE A STORY TO TELL (LEGENDARY)</Data></Cell>
    <Cell ss:StyleID="s98"><Data ss:Type="String">I HAVE A STORY TO TELL (LEGENDARY)</Data></Cell>
    <Cell ss:StyleID="s62"/>
   </Row>
   <Row ss:AutoFitHeight="0">
    <Cell ss:StyleID="s62"/>
    <Cell ss:StyleID="s62"><Data ss:Type="String">ID_ACH_SPHAR_REQ_01</Data></Cell>
    <Cell ss:StyleID="s68"><Data ss:Type="String">COMPLETE THE BEGINNING ON LEGENDARY DIFFICULTY</Data></Cell>
    <Cell ss:StyleID="s99"><Data ss:Type="String">COMPLETE THE BEGINNING ON LEGENDARY DIFFICULTY</Data></Cell>
    <Cell ss:StyleID="s62"/>
   </Row>
   <Row ss:AutoFitHeight="0">
    <Cell ss:StyleID="s62"/>
    <Cell ss:StyleID="s62"><Data ss:Type="String">ID_ACH_SPHAR_REQ_01_SCORE</Data></Cell>
    <Cell ss:StyleID="s68"><Data ss:Type="Number">5</Data></Cell>
    <Cell ss:StyleID="s99"><Data ss:Type="Number">5</Data></Cell>
    <Cell ss:StyleID="s62"/>
   </Row>
   <Row ss:AutoFitHeight="0">
    <Cell ss:StyleID="s62"/>
    <Cell ss:StyleID="s62"><Data ss:Type="String">ID_ACH_SPHAR_MES_02</Data></Cell>
    <Cell ss:StyleID="s68"><Data ss:Type="String">I WILL AVENGE YOU, FATHER (LEGENDARY)</Data></Cell>
    <Cell ss:StyleID="s99"><Data ss:Type="String">I WILL AVENGE YOU, FATHER (LEGENDARY)</Data></Cell>
    <Cell ss:StyleID="s62"/>
   </Row>
   <Row ss:AutoFitHeight="0">
    <Cell ss:StyleID="s62"/>
    <Cell ss:StyleID="s62"><Data ss:Type="String">ID_ACH_SPHAR_REQ_02</Data></Cell>
    <Cell ss:StyleID="s68"><Data ss:Type="String">COMPLETE S. P. Q. R. ON LEGENDARY DIFFICULTY </Data></Cell>
    <Cell ss:StyleID="s99"><Data ss:Type="String">COMPLETE S. P. Q. R. ON LEGENDARY DIFFICULTY </Data></Cell>
    <Cell ss:StyleID="s62"/>
   </Row>
   <Row ss:AutoFitHeight="0">
    <Cell ss:StyleID="s62"/>
    <Cell ss:StyleID="s62"><Data ss:Type="String">ID_ACH_SPHAR_REQ_02_SCORE</Data></Cell>
    <Cell ss:StyleID="s68"><Data ss:Type="Number">5</Data></Cell>
    <Cell ss:StyleID="s99"><Data ss:Type="Number">5</Data></Cell>
    <Cell ss:StyleID="s62"/>
   </Row>
   <Row ss:AutoFitHeight="0">
    <Cell ss:StyleID="s62"/>
    <Cell ss:StyleID="s62"><Data ss:Type="String">ID_ACH_SPHAR_MES_03</Data></Cell>
    <Cell ss:StyleID="s68"><Data ss:Type="String">SAVING PRIVATE MARIUS (LEGENDARY)</Data></Cell>
    <Cell ss:StyleID="s99"><Data ss:Type="String">SAVING PRIVATE MARIUS (LEGENDARY)</Data></Cell>
    <Cell ss:StyleID="s62"/>
   </Row>
   <Row ss:AutoFitHeight="0">
    <Cell ss:StyleID="s62"/>
    <Cell ss:StyleID="s62"><Data ss:Type="String">ID_ACH_SPHAR_REQ_03</Data></Cell>
    <Cell ss:StyleID="s62"><Data ss:Type="String">COMPLETE TRIAL BY FIRE ON LEGENDARY DIFFICULTY</Data></Cell>
    <Cell ss:StyleID="s98"><Data ss:Type="String">COMPLETE TRIAL BY FIRE ON LEGENDARY DIFFICULTY</Data></Cell>
    <Cell ss:StyleID="s62"/>
   </Row>
   <Row ss:AutoFitHeight="0">
    <Cell ss:StyleID="s62"/>
    <Cell ss:StyleID="s62"><Data ss:Type="String">ID_ACH_SPHAR_REQ_03_SCORE</Data></Cell>
    <Cell ss:StyleID="s62"><Data ss:Type="Number">5</Data></Cell>
    <Cell ss:StyleID="s98"><Data ss:Type="Number">5</Data></Cell>
    <Cell ss:StyleID="s62"/>
   </Row>
   <Row ss:AutoFitHeight="0">
    <Cell ss:StyleID="s62"/>
    <Cell ss:StyleID="s62"><Data ss:Type="String">ID_ACH_SPHAR_MES_04</Data></Cell>
    <Cell ss:StyleID="s68"><Data ss:Type="String">TROUBLE IN SHERWOOD FOREST (LEGENDARY)</Data></Cell>
    <Cell ss:StyleID="s99"><Data ss:Type="String">TROUBLE IN SHERWOOD FOREST (LEGENDARY)</Data></Cell>
    <Cell ss:StyleID="s62"/>
   </Row>
   <Row ss:AutoFitHeight="0">
    <Cell ss:StyleID="s62"/>
    <Cell ss:StyleID="s62"><Data ss:Type="String">ID_ACH_SPHAR_REQ_04</Data></Cell>
    <Cell ss:StyleID="s68"><Data ss:Type="String">COMPLETE THE KING ON LEGENDARY DIFFICULTY</Data></Cell>
    <Cell ss:StyleID="s99"><Data ss:Type="String">COMPLETE THE KING ON LEGENDARY DIFFICULTY</Data></Cell>
    <Cell ss:StyleID="s62"/>
   </Row>
   <Row ss:AutoFitHeight="0">
    <Cell ss:StyleID="s62"/>
    <Cell ss:StyleID="s62"><Data ss:Type="String">ID_ACH_SPHAR_REQ_04_SCORE</Data></Cell>
    <Cell ss:StyleID="s68"><Data ss:Type="Number">5</Data></Cell>
    <Cell ss:StyleID="s99"><Data ss:Type="Number">5</Data></Cell>
    <Cell ss:StyleID="s62"/>
   </Row>
   <Row ss:AutoFitHeight="0">
    <Cell ss:StyleID="s62"/>
    <Cell ss:StyleID="s62"><Data ss:Type="String">ID_ACH_SPHAR_MES_05</Data></Cell>
    <Cell ss:StyleID="s68"><Data ss:Type="String">HEART OF DARKNESS (LEGENDARY)</Data></Cell>
    <Cell ss:StyleID="s99"><Data ss:Type="String">HEART OF DARKNESS (LEGENDARY)</Data></Cell>
    <Cell ss:StyleID="s62"/>
   </Row>
   <Row ss:AutoFitHeight="0">
    <Cell ss:StyleID="s62"/>
    <Cell ss:StyleID="s62"><Data ss:Type="String">ID_ACH_SPHAR_REQ_05</Data></Cell>
    <Cell ss:StyleID="s68"><Data ss:Type="String">COMPLETE EDGE OF THE WORLD ON LEGENDARY DIFFICULTY</Data></Cell>
    <Cell ss:StyleID="s99"><Data ss:Type="String">COMPLETE EDGE OF THE WORLD ON LEGENDARY DIFFICULTY</Data></Cell>
    <Cell ss:StyleID="s62"/>
   </Row>
   <Row ss:AutoFitHeight="0">
    <Cell ss:StyleID="s62"/>
    <Cell ss:StyleID="s62"><Data ss:Type="String">ID_ACH_SPHAR_REQ_05_SCORE</Data></Cell>
    <Cell ss:StyleID="s68"><Data ss:Type="Number">5</Data></Cell>
    <Cell ss:StyleID="s99"><Data ss:Type="Number">5</Data></Cell>
    <Cell ss:StyleID="s62"/>
   </Row>
   <Row ss:AutoFitHeight="0">
    <Cell ss:StyleID="s62"/>
    <Cell ss:StyleID="s62"><Data ss:Type="String">ID_ACH_SPHAR_MES_06</Data></Cell>
    <Cell ss:StyleID="s68"><Data ss:Type="String">SIEGE ME IF YOU CAN (LEGENDARY)</Data></Cell>
    <Cell ss:StyleID="s99"><Data ss:Type="String">SIEGE ME IF YOU CAN (LEGENDARY)</Data></Cell>
    <Cell ss:StyleID="s62"/>
   </Row>
   <Row ss:AutoFitHeight="0">
    <Cell ss:StyleID="s62"/>
    <Cell ss:StyleID="s62"><Data ss:Type="String">ID_ACH_SPHAR_REQ_06</Data></Cell>
    <Cell ss:StyleID="s68"><Data ss:Type="String">COMPLETE PAX ROMANA ON LEGENDARY DIFFICULTY</Data></Cell>
    <Cell ss:StyleID="s99"><Data ss:Type="String">COMPLETE PAX ROMANA ON LEGENDARY DIFFICULTY</Data></Cell>
    <Cell ss:StyleID="s62"/>
   </Row>
   <Row ss:AutoFitHeight="0">
    <Cell ss:StyleID="s62"/>
    <Cell ss:StyleID="s62"><Data ss:Type="String">ID_ACH_SPHAR_REQ_06_SCORE</Data></Cell>
    <Cell ss:StyleID="s68"><Data ss:Type="Number">5</Data></Cell>
    <Cell ss:StyleID="s99"><Data ss:Type="Number">5</Data></Cell>
    <Cell ss:StyleID="s62"/>
   </Row>
   <Row ss:AutoFitHeight="0">
    <Cell ss:StyleID="s62"/>
    <Cell ss:StyleID="s62"><Data ss:Type="String">ID_ACH_SPHAR_MES_07</Data></Cell>
    <Cell ss:StyleID="s68"><Data ss:Type="String">AVE, CAESAR (LEGENDARY)</Data></Cell>
    <Cell ss:StyleID="s99"><Data ss:Type="String">AVE, CAESAR (LEGENDARY)</Data></Cell>
    <Cell ss:StyleID="s62"/>
   </Row>
   <Row ss:AutoFitHeight="0">
    <Cell ss:StyleID="s62"/>
    <Cell ss:StyleID="s62"><Data ss:Type="String">ID_ACH_SPHAR_REQ_07</Data></Cell>
    <Cell ss:StyleID="s68"><Data ss:Type="String">COMPLETE THE WRATH OF NEMESIS ON LEGENDARY DIFFICULTY</Data></Cell>
    <Cell ss:StyleID="s99"><Data ss:Type="String">COMPLETE THE WRATH OF NEMESIS ON LEGENDARY DIFFICULTY</Data></Cell>
    <Cell ss:StyleID="s62"/>
   </Row>
   <Row ss:AutoFitHeight="0">
    <Cell ss:StyleID="s62"/>
    <Cell ss:StyleID="s62"><Data ss:Type="String">ID_ACH_SPHAR_REQ_07_SCORE</Data></Cell>
    <Cell ss:StyleID="s68"><Data ss:Type="Number">5</Data></Cell>
    <Cell ss:StyleID="s99"><Data ss:Type="Number">5</Data></Cell>
    <Cell ss:StyleID="s62"/>
   </Row>
   <Row ss:AutoFitHeight="0">
    <Cell ss:StyleID="s62"/>
    <Cell ss:StyleID="s62"><Data ss:Type="String">ID_ACH_SPHAR_MES_08</Data></Cell>
    <Cell ss:StyleID="s68"><Data ss:Type="String">SETTLING OLD DEBTS (LEGENDARY)</Data></Cell>
    <Cell ss:StyleID="s99"><Data ss:Type="String">SETTLING OLD DEBTS (LEGENDARY)</Data></Cell>
    <Cell ss:StyleID="s62"/>
   </Row>
   <Row ss:AutoFitHeight="0">
    <Cell ss:StyleID="s62"/>
    <Cell ss:StyleID="s62"><Data ss:Type="String">ID_ACH_SPHAR_REQ_08</Data></Cell>
    <Cell ss:StyleID="s68"><Data ss:Type="String">COMPLETE THE SON OF ROME ON LEGENDARY DIFFICULTY </Data></Cell>
    <Cell ss:StyleID="s99"><Data ss:Type="String">COMPLETE THE SON OF ROME ON LEGENDARY DIFFICULTY </Data></Cell>
    <Cell ss:StyleID="s62"/>
   </Row>
   <Row ss:AutoFitHeight="0">
    <Cell ss:StyleID="s62"/>
    <Cell ss:StyleID="s62"><Data ss:Type="String">ID_ACH_SPHAR_REQ_08_SCORE</Data></Cell>
    <Cell ss:StyleID="s68"><Data ss:Type="Number">5</Data></Cell>
    <Cell ss:StyleID="s99"><Data ss:Type="Number">5</Data></Cell>
    <Cell ss:StyleID="s62"/>
   </Row>
   <Row ss:AutoFitHeight="0">
    <Cell ss:StyleID="s62"/>
    <Cell ss:StyleID="s62"><Data ss:Type="String">ID_ACH_SPHAR_MES_09</Data></Cell>
    <Cell ss:StyleID="s62"><Data ss:Type="String">BAD TO THE BONE</Data></Cell>
    <Cell ss:StyleID="s98"><Data ss:Type="String">BAD TO THE BONE</Data></Cell>
    <Cell ss:StyleID="s62"/>
   </Row>
   <Row ss:AutoFitHeight="0">
    <Cell ss:StyleID="s62"/>
    <Cell ss:StyleID="s62"><Data ss:Type="String">ID_ACH_SPHAR_REQ_09</Data></Cell>
    <Cell ss:StyleID="s62"><Data ss:Type="String">COMPLETE THE GAME ON CENTURION DIFFICULTY</Data></Cell>
    <Cell ss:StyleID="s98"><Data ss:Type="String">COMPLETE THE GAME ON CENTURION DIFFICULTY</Data></Cell>
    <Cell ss:StyleID="s62"/>
   </Row>
   <Row ss:AutoFitHeight="0">
    <Cell ss:StyleID="s62"/>
    <Cell ss:StyleID="s62"><Data ss:Type="String">ID_ACH_SPHAR_REQ_09_SCORE</Data></Cell>
    <Cell ss:StyleID="s62"><Data ss:Type="Number">25</Data></Cell>
    <Cell ss:StyleID="s98"><Data ss:Type="Number">25</Data></Cell>
    <Cell ss:StyleID="s62"/>
   </Row>
   <Row ss:AutoFitHeight="0">
    <Cell ss:StyleID="s62"/>
    <Cell ss:StyleID="s62"><Data ss:Type="String">ID_ACH_SPHAR_MES_10</Data></Cell>
    <Cell ss:StyleID="s62"><Data ss:Type="String">MY EMPIRE OF DIRT</Data></Cell>
    <Cell ss:StyleID="s98"><Data ss:Type="String">MY EMPIRE OF DIRT</Data></Cell>
    <Cell ss:StyleID="s62"/>
   </Row>
   <Row ss:AutoFitHeight="0">
    <Cell ss:StyleID="s62"/>
    <Cell ss:StyleID="s62"><Data ss:Type="String">ID_ACH_SPHAR_REQ_10</Data></Cell>
    <Cell ss:StyleID="s62"><Data ss:Type="String">COMPLETE THE GAME ON SOLDIER DIFFICULTY</Data></Cell>
    <Cell ss:StyleID="s98"><Data ss:Type="String">COMPLETE THE GAME ON SOLDIER DIFFICULTY</Data></Cell>
    <Cell ss:StyleID="s62"/>
   </Row>
   <Row ss:AutoFitHeight="0">
    <Cell ss:StyleID="s62"/>
    <Cell ss:StyleID="s62"><Data ss:Type="String">ID_ACH_SPHAR_REQ_10_SCORE</Data></Cell>
    <Cell ss:StyleID="s62"><Data ss:Type="Number">25</Data></Cell>
    <Cell ss:StyleID="s98"><Data ss:Type="Number">25</Data></Cell>
    <Cell ss:StyleID="s62"/>
   </Row>
   <Row ss:AutoFitHeight="0">
    <Cell ss:StyleID="s62"/>
    <Cell ss:StyleID="s62"><Data ss:Type="String">ID_ACH_SPHAR_MES_11</Data></Cell>
    <Cell ss:StyleID="s62"><Data ss:Type="String">COMBOING MY WAY THROUGH</Data></Cell>
    <Cell ss:StyleID="s98"><Data ss:Type="String">COMBOING MY WAY THROUGH</Data></Cell>
    <Cell ss:StyleID="s62"/>
   </Row>
   <Row ss:AutoFitHeight="0">
    <Cell ss:StyleID="s62"/>
    <Cell ss:StyleID="s62"><Data ss:Type="String">ID_ACH_SPHAR_REQ_11</Data></Cell>
    <Cell ss:StyleID="s62"><Data ss:Type="String">DEFEAT 20 ENEMIES IN A ROW WITHOUT SUSTAINING ANY DAMAGE</Data></Cell>
    <Cell ss:StyleID="s98"><Data ss:Type="String">DEFEAT 20 ENEMIES IN A ROW WITHOUT SUSTAINING ANY DAMAGE</Data></Cell>
    <Cell ss:StyleID="s62"/>
   </Row>
   <Row ss:AutoFitHeight="0">
    <Cell ss:StyleID="s62"/>
    <Cell ss:StyleID="s62"><Data ss:Type="String">ID_ACH_SPHAR_REQ_11_SCORE</Data></Cell>
    <Cell ss:StyleID="s62"><Data ss:Type="Number">20</Data></Cell>
    <Cell ss:StyleID="s98"><Data ss:Type="Number">20</Data></Cell>
    <Cell ss:StyleID="s62"/>
   </Row>
   <Row ss:AutoFitHeight="0">
    <Cell ss:StyleID="s62"/>
    <Cell ss:StyleID="s62"><Data ss:Type="String">ID_ACH_SPHAR_MES_12</Data></Cell>
    <Cell ss:StyleID="s62"><Data ss:Type="String">GOT SERVED</Data></Cell>
    <Cell ss:StyleID="s98"><Data ss:Type="String">GOT SERVED</Data></Cell>
    <Cell ss:StyleID="s62"/>
   </Row>
   <Row ss:AutoFitHeight="0">
    <Cell ss:StyleID="s62"/>
    <Cell ss:StyleID="s62"><Data ss:Type="String">ID_ACH_SPHAR_REQ_12</Data></Cell>
    <Cell ss:StyleID="s62"><Data ss:Type="String">GET 30 TRIPLE EAGLE MEDALS ACROSS ALL LEVELS</Data></Cell>
    <Cell ss:StyleID="s98"><Data ss:Type="String">GET 30 TRIPLE EAGLE MEDALS ACROSS ALL LEVELS</Data></Cell>
    <Cell ss:StyleID="s62"/>
   </Row>
   <Row ss:AutoFitHeight="0">
    <Cell ss:StyleID="s62"/>
    <Cell ss:StyleID="s62"><Data ss:Type="String">ID_ACH_SPHAR_REQ_13_SCORE</Data></Cell>
    <Cell ss:StyleID="s62"><Data ss:Type="Number">10</Data></Cell>
    <Cell ss:StyleID="s98"><Data ss:Type="Number">10</Data></Cell>
    <Cell ss:StyleID="s62"/>
   </Row>
   <Row ss:AutoFitHeight="0">
    <Cell ss:StyleID="s62"/>
    <Cell ss:StyleID="s62"><Data ss:Type="String">ID_ACH_SPHAR_MES_13</Data></Cell>
    <Cell ss:StyleID="s62"><Data ss:Type="String">SAY WHAT?!</Data></Cell>
    <Cell ss:StyleID="s98"><Data ss:Type="String">SAY WHAT?!</Data></Cell>
    <Cell ss:StyleID="s62"/>
   </Row>
   <Row ss:AutoFitHeight="0">
    <Cell ss:StyleID="s62"/>
    <Cell ss:StyleID="s62"><Data ss:Type="String">ID_ACH_SPHAR_REQ_14</Data></Cell>
    <Cell ss:StyleID="s62"><Data ss:Type="String">GET 70 TRIPLE EAGLE MEDALS ACROSS ALL LEVELS</Data></Cell>
    <Cell ss:StyleID="s98"><Data ss:Type="String">GET 70 TRIPLE EAGLE MEDALS ACROSS ALL LEVELS</Data></Cell>
    <Cell ss:StyleID="s62"/>
   </Row>
   <Row ss:AutoFitHeight="0">
    <Cell ss:StyleID="s62"/>
    <Cell ss:StyleID="s62"><Data ss:Type="String">ID_ACH_SPHAR_REQ_14_SCORE</Data></Cell>
    <Cell ss:StyleID="s62"><Data ss:Type="Number">20</Data></Cell>
    <Cell ss:StyleID="s98"><Data ss:Type="Number">20</Data></Cell>
    <Cell ss:StyleID="s62"/>
   </Row>
   <Row ss:AutoFitHeight="0">
    <Cell ss:StyleID="s62"/>
    <Cell ss:StyleID="s62"><Data ss:Type="String">ID_ACH_SPHAR_MES_15</Data></Cell>
    <Cell ss:StyleID="s62"><Data ss:Type="String">IMPOSSIBLE</Data></Cell>
    <Cell ss:StyleID="s98"><Data ss:Type="String">IMPOSSIBLE</Data></Cell>
    <Cell ss:StyleID="s62"/>
   </Row>
   <Row ss:AutoFitHeight="0">
    <Cell ss:StyleID="s62"/>
    <Cell ss:StyleID="s62"><Data ss:Type="String">ID_ACH_SPHAR_REQ_15</Data></Cell>
    <Cell ss:StyleID="s62"><Data ss:Type="String">GET 100 TRIPLE EAGLE MEDALS ACROSS ALL LEVELS</Data></Cell>
    <Cell ss:StyleID="s98"><Data ss:Type="String">GET 100 TRIPLE EAGLE MEDALS ACROSS ALL LEVELS</Data></Cell>
    <Cell ss:StyleID="s62"/>
   </Row>
   <Row ss:AutoFitHeight="0">
    <Cell ss:StyleID="s62"/>
    <Cell ss:StyleID="s62"><Data ss:Type="String">ID_ACH_SPHAR_REQ_15_SCORE</Data></Cell>
    <Cell ss:StyleID="s62"><Data ss:Type="Number">30</Data></Cell>
    <Cell ss:StyleID="s98"><Data ss:Type="Number">30</Data></Cell>
    <Cell ss:StyleID="s62"/>
   </Row>
   <Row ss:AutoFitHeight="0">
    <Cell ss:StyleID="s62"/>
    <Cell ss:StyleID="s62"><Data ss:Type="String">ID_ACH_SPHAR_MES_16</Data></Cell>
    <Cell ss:StyleID="s62"><Data ss:Type="String">MARKETER</Data></Cell>
    <Cell ss:StyleID="s98"><Data ss:Type="String">MARKETER</Data></Cell>
    <Cell ss:StyleID="s62"/>
   </Row>
   <Row ss:AutoFitHeight="0">
    <Cell ss:StyleID="s62"/>
    <Cell ss:StyleID="s62"><Data ss:Type="String">ID_ACH_SPHAR_REQ_16</Data></Cell>
    <Cell ss:StyleID="s62"><Data ss:Type="String">GET IN COMBAT WITH ALL EXECUTIONS AND UPGRADES PURCHASED</Data></Cell>
    <Cell ss:StyleID="s98"><Data ss:Type="String">GET IN COMBAT WITH ALL EXECUTIONS AND UPGRADES PURCHASED</Data></Cell>
    <Cell ss:StyleID="s62"/>
   </Row>
   <Row ss:AutoFitHeight="0">
    <Cell ss:StyleID="s62"/>
    <Cell ss:StyleID="s62"><Data ss:Type="String">ID_ACH_SPHAR_REQ_16_SCORE</Data></Cell>
    <Cell ss:StyleID="s62"><Data ss:Type="Number">50</Data></Cell>
    <Cell ss:StyleID="s98"><Data ss:Type="Number">50</Data></Cell>
    <Cell ss:StyleID="s62"/>
   </Row>
   <Row ss:AutoFitHeight="0">
    <Cell ss:StyleID="s62"/>
    <Cell ss:StyleID="s62"><Data ss:Type="String">ID_ACH_MPLAY_MES_01</Data></Cell>
    <Cell ss:StyleID="s62"><Data ss:Type="String">COLOSSEUM RECRUIT</Data></Cell>
    <Cell ss:StyleID="s98"><Data ss:Type="String">COLOSSEUM RECRUIT</Data></Cell>
    <Cell ss:StyleID="s62"><Data ss:Type="String">I RECOMMEND CHANGING ROOKIE TO RECRUIT</Data></Cell>
   </Row>
   <Row ss:AutoFitHeight="0">
    <Cell ss:StyleID="s62"/>
    <Cell ss:StyleID="s62"><Data ss:Type="String">ID_ACH_MPLAY_REQ_01</Data></Cell>
    <Cell ss:StyleID="s62"><Data ss:Type="String">COMPLETE YOUR FIRST MULTIPLAYER CAMPAIGN</Data></Cell>
    <Cell ss:StyleID="s98"><Data ss:Type="String">COMPLETE YOUR FIRST MULTIPLAYER CAMPAIGN</Data></Cell>
    <Cell ss:StyleID="s62"/>
   </Row>
   <Row ss:AutoFitHeight="0">
    <Cell ss:StyleID="s62"/>
    <Cell ss:StyleID="s62"><Data ss:Type="String">ID_ACH_MPLAY_REQ_01_SCORE</Data></Cell>
    <Cell ss:StyleID="s62"><Data ss:Type="Number">20</Data></Cell>
    <Cell ss:StyleID="s98"><Data ss:Type="Number">20</Data></Cell>
    <Cell ss:StyleID="s62"/>
   </Row>
   <Row ss:AutoFitHeight="0">
    <Cell ss:StyleID="s62"/>
    <Cell ss:StyleID="s62"><Data ss:Type="String">ID_ACH_MPLAY_MES_02</Data></Cell>
    <Cell ss:StyleID="s62"><Data ss:Type="String">COLOSSEUM WARRIOR</Data></Cell>
    <Cell ss:StyleID="s98"><Data ss:Type="String">COLOSSEUM WARRIOR</Data></Cell>
    <Cell ss:StyleID="s62"/>
   </Row>
   <Row ss:AutoFitHeight="0">
    <Cell ss:StyleID="s62"/>
    <Cell ss:StyleID="s62"><Data ss:Type="String">ID_ACH_MPLAY_REQ_02</Data></Cell>
    <Cell ss:StyleID="s62"><Data ss:Type="String">FIGHT ON EACH MULTIPLAYER ARENA ENVIRONMENT</Data></Cell>
    <Cell ss:StyleID="s98"><Data ss:Type="String">FIGHT ON EACH MULTIPLAYER ARENA ENVIRONMENT</Data></Cell>
    <Cell ss:StyleID="s62"/>
   </Row>
   <Row ss:AutoFitHeight="0">
    <Cell ss:StyleID="s62"/>
    <Cell ss:StyleID="s62"><Data ss:Type="String">ID_ACH_MPLAY_REQ_02_SCORE</Data></Cell>
    <Cell ss:StyleID="s62"><Data ss:Type="Number">20</Data></Cell>
    <Cell ss:StyleID="s98"><Data ss:Type="Number">20</Data></Cell>
    <Cell ss:StyleID="s62"/>
   </Row>
   <Row ss:AutoFitHeight="0">
    <Cell ss:StyleID="s62"/>
    <Cell ss:StyleID="s62"><Data ss:Type="String">ID_ACH_MPLAY_MES_03</Data></Cell>
    <Cell ss:StyleID="s62"><Data ss:Type="String">COLOSSEUM VETERAN</Data></Cell>
    <Cell ss:StyleID="s98"><Data ss:Type="String">COLOSSEUM VETERAN</Data></Cell>
    <Cell ss:StyleID="s62"/>
   </Row>
   <Row ss:AutoFitHeight="0">
    <Cell ss:StyleID="s62"/>
    <Cell ss:StyleID="s62"><Data ss:Type="String">ID_ACH_MPLAY_REQ_03</Data></Cell>
    <Cell ss:StyleID="s62"><Data ss:Type="String">COMPLETE ALL MULTIPLAYER CAMPAIGNS</Data></Cell>
    <Cell ss:StyleID="s98"><Data ss:Type="String">COMPLETE ALL MULTIPLAYER CAMPAIGNS</Data></Cell>
    <Cell ss:StyleID="s62"/>
   </Row>
   <Row ss:AutoFitHeight="0">
    <Cell ss:StyleID="s62"/>
    <Cell ss:StyleID="s62"><Data ss:Type="String">ID_ACH_MPLAY_REQ_03_SCORE</Data></Cell>
    <Cell ss:StyleID="s62"><Data ss:Type="Number">50</Data></Cell>
    <Cell ss:StyleID="s98"><Data ss:Type="Number">50</Data></Cell>
    <Cell ss:StyleID="s62"/>
   </Row>
   <Row ss:AutoFitHeight="0">
    <Cell ss:StyleID="s62"/>
    <Cell ss:StyleID="s62"><Data ss:Type="String">ID_ACH_MPLAY_MES_04</Data></Cell>
    <Cell ss:StyleID="s62"><Data ss:Type="String">SCOURGE OF THE COLOSSEUM</Data></Cell>
    <Cell ss:StyleID="s98"><Data ss:Type="String">SCOURGE OF THE COLOSSEUM</Data></Cell>
    <Cell ss:StyleID="s62"/>
   </Row>
   <Row ss:AutoFitHeight="0">
    <Cell ss:StyleID="s62"/>
    <Cell ss:StyleID="s62"><Data ss:Type="String">ID_ACH_MPLAY_REQ_04</Data></Cell>
    <Cell ss:StyleID="s62"><Data ss:Type="String">PLAY IN A CUSTOM MULTIPLAYER CAMPAIGN </Data></Cell>
    <Cell ss:StyleID="s98"><Data ss:Type="String">PLAY IN A CUSTOM MULTIPLAYER CAMPAIGN </Data></Cell>
    <Cell ss:StyleID="s62"/>
   </Row>
   <Row ss:AutoFitHeight="0">
    <Cell ss:StyleID="s62"/>
    <Cell ss:StyleID="s62"><Data ss:Type="String">ID_ACH_MPLAY_REQ_04_SCORE</Data></Cell>
    <Cell ss:StyleID="s62"><Data ss:Type="Number">15</Data></Cell>
    <Cell ss:StyleID="s98"><Data ss:Type="Number">15</Data></Cell>
    <Cell ss:StyleID="s62"/>
   </Row>
   <Row ss:AutoFitHeight="0">
    <Cell ss:StyleID="s62"/>
    <Cell ss:StyleID="s62"><Data ss:Type="String">ID_ACH_MPLAY_MES_05</Data></Cell>
    <Cell ss:StyleID="s62"><Data ss:Type="String">GRACE OF THE GODS</Data></Cell>
    <Cell ss:StyleID="s98"><Data ss:Type="String">GRACE OF THE GODS</Data></Cell>
    <Cell ss:StyleID="s62"/>
   </Row>
   <Row ss:AutoFitHeight="0">
    <Cell ss:StyleID="s62"/>
    <Cell ss:StyleID="s62"><Data ss:Type="String">ID_ACH_MPLAY_REQ_05</Data></Cell>
    <Cell ss:StyleID="s62"><Data ss:Type="String">UNLOCK YOUR FIRST REWARD OF THE GODS</Data></Cell>
    <Cell ss:StyleID="s98"><Data ss:Type="String">UNLOCK YOUR FIRST REWARD OF THE GODS</Data></Cell>
    <Cell ss:StyleID="s62"/>
   </Row>
   <Row ss:AutoFitHeight="0">
    <Cell ss:StyleID="s62"/>
    <Cell ss:StyleID="s62"><Data ss:Type="String">ID_ACH_MPLAY_REQ_05_SCORE</Data></Cell>
    <Cell ss:StyleID="s62"><Data ss:Type="Number">10</Data></Cell>
    <Cell ss:StyleID="s98"><Data ss:Type="Number">10</Data></Cell>
    <Cell ss:StyleID="s62"/>
   </Row>
   <Row ss:AutoFitHeight="0">
    <Cell ss:StyleID="s62"/>
    <Cell ss:StyleID="s62"><Data ss:Type="String">ID_ACH_MPLAY_MES_06</Data></Cell>
    <Cell ss:StyleID="s69"><Data ss:Type="String">CHAMPION OF THE GODS</Data></Cell>
    <Cell ss:StyleID="s98"><Data ss:Type="String">CHAMPION OF THE GODS</Data></Cell>
    <Cell ss:StyleID="s62"/>
   </Row>
   <Row ss:AutoFitHeight="0">
    <Cell ss:StyleID="s62"/>
    <Cell ss:StyleID="s62"><Data ss:Type="String">ID_ACH_MPLAY_REQ_06</Data></Cell>
    <Cell ss:StyleID="s69"><Data ss:Type="String">UNLOCK ALL THE REWARDS OF THE GODS</Data></Cell>
    <Cell ss:StyleID="s98"><Data ss:Type="String">UNLOCK ALL THE REWARDS OF THE GODS</Data></Cell>
    <Cell ss:StyleID="s62"/>
   </Row>
   <Row ss:AutoFitHeight="0">
    <Cell ss:StyleID="s62"/>
    <Cell ss:StyleID="s62"><Data ss:Type="String">ID_ACH_MPLAY_REQ_06_SCORE</Data></Cell>
    <Cell ss:StyleID="s69"><Data ss:Type="Number">30</Data></Cell>
    <Cell ss:StyleID="s98"><Data ss:Type="Number">30</Data></Cell>
    <Cell ss:StyleID="s62"/>
   </Row>
   <Row ss:AutoFitHeight="0">
    <Cell ss:StyleID="s62"/>
    <Cell ss:StyleID="s62"><Data ss:Type="String">ID_ACH_MPLAY_MES_07</Data></Cell>
    <Cell ss:StyleID="s69"><Data ss:Type="String">SIMPLY THE BEST</Data></Cell>
    <Cell ss:StyleID="s98"><Data ss:Type="String">SIMPLY THE BEST</Data></Cell>
    <Cell ss:StyleID="s62"/>
   </Row>
   <Row ss:AutoFitHeight="0">
    <Cell ss:StyleID="s62"/>
    <Cell ss:StyleID="s62"><Data ss:Type="String">ID_ACH_MPLAY_REQ_07</Data></Cell>
    <Cell ss:StyleID="s70"><Data ss:Type="String">ACHIEVE RANK 100 IN MULTIPLAYER</Data></Cell>
    <Cell ss:StyleID="s100"><Data ss:Type="String">ACHIEVE RANK 100 IN MULTIPLAYER</Data></Cell>
    <Cell ss:StyleID="s62"/>
   </Row>
   <Row ss:AutoFitHeight="0">
    <Cell ss:StyleID="s62"/>
    <Cell ss:StyleID="s62"><Data ss:Type="String">ID_ACH_MPLAY_REQ_07_SCORE</Data></Cell>
    <Cell ss:StyleID="s69"><Data ss:Type="String">50</Data></Cell>
    <Cell ss:StyleID="s98"><Data ss:Type="String">50</Data></Cell>
    <Cell ss:StyleID="s62"/>
   </Row>
   <Row ss:AutoFitHeight="0">
    <Cell ss:StyleID="s62"/>
    <Cell ss:StyleID="s62"><Data ss:Type="String">ID_ACH_MPLAY_MES_08</Data></Cell>
    <Cell ss:StyleID="s69"><Data ss:Type="String">SAY HELLO TO MY LITTLE FRIEND!</Data></Cell>
    <Cell ss:StyleID="s98"><Data ss:Type="String">SAY HELLO TO MY LITTLE FRIEND!</Data></Cell>
    <Cell ss:StyleID="s62"/>
   </Row>
   <Row ss:AutoFitHeight="0">
    <Cell ss:StyleID="s62"/>
    <Cell ss:StyleID="s62"><Data ss:Type="String">ID_ACH_MPLAY_REQ_08</Data></Cell>
    <Cell ss:StyleID="s70"><Data ss:Type="String">EQUIP YOUR FIRST TIER 2 ITEM IN MULTIPLAYER</Data></Cell>
    <Cell ss:StyleID="s100"><Data ss:Type="String">EQUIP YOUR FIRST TIER 2 ITEM IN MULTIPLAYER</Data></Cell>
    <Cell ss:StyleID="s62"/>
   </Row>
   <Row ss:AutoFitHeight="0">
    <Cell ss:StyleID="s62"/>
    <Cell ss:StyleID="s62"><Data ss:Type="String">ID_ACH_MPLAY_REQ_08_SCORE</Data></Cell>
    <Cell ss:StyleID="s69"><Data ss:Type="String">5</Data></Cell>
    <Cell ss:StyleID="s98"><Data ss:Type="String">5</Data></Cell>
    <Cell ss:StyleID="s62"/>
   </Row>
   <Row ss:AutoFitHeight="0">
    <Cell ss:StyleID="s62"/>
    <Cell ss:StyleID="s62"><Data ss:Type="String">ID_ACH_MPLAY_MES_09</Data></Cell>
    <Cell ss:StyleID="s69"><Data ss:Type="String">ONLY THE FINEST</Data></Cell>
    <Cell ss:StyleID="s98"><Data ss:Type="String">ONLY THE FINEST</Data></Cell>
    <Cell ss:StyleID="s62"/>
   </Row>
   <Row ss:AutoFitHeight="0">
    <Cell ss:StyleID="s62"/>
    <Cell ss:StyleID="s62"><Data ss:Type="String">ID_ACH_MPLAY_REQ_09</Data></Cell>
    <Cell ss:StyleID="s70"><Data ss:Type="String">EQUIP YOUR FIRST RARE ITEM IN MULTIPLAYER</Data></Cell>
    <Cell ss:StyleID="s100"><Data ss:Type="String">EQUIP YOUR FIRST RARE ITEM IN MULTIPLAYER</Data></Cell>
    <Cell ss:StyleID="s62"/>
   </Row>
   <Row ss:AutoFitHeight="0">
    <Cell ss:StyleID="s62"/>
    <Cell ss:StyleID="s62"><Data ss:Type="String">ID_ACH_MPLAY_REQ_09_SCORE</Data></Cell>
    <Cell ss:StyleID="s69"><Data ss:Type="String">20</Data></Cell>
    <Cell ss:StyleID="s98"><Data ss:Type="String">20</Data></Cell>
    <Cell ss:StyleID="s62"/>
   </Row>
   <Row ss:AutoFitHeight="0">
    <Cell ss:StyleID="s62"/>
    <Cell ss:StyleID="s62"><Data ss:Type="String">ID_ACH_MPLAY_MES_10</Data></Cell>
    <Cell ss:StyleID="s69"><Data ss:Type="String">SON OF VULCAN</Data></Cell>
    <Cell ss:StyleID="s98"><Data ss:Type="String">SON OF VULCAN</Data></Cell>
    <Cell ss:StyleID="s62"/>
   </Row>
   <Row ss:AutoFitHeight="0">
    <Cell ss:StyleID="s62"/>
    <Cell ss:StyleID="s62"><Data ss:Type="String">ID_ACH_MPLAY_REQ_10</Data></Cell>
    <Cell ss:StyleID="s69"><Data ss:Type="String">EQUIP YOUR FIRST TIER 5 ITEM IN MULTIPLAYER</Data></Cell>
    <Cell ss:StyleID="s98"><Data ss:Type="String">EQUIP YOUR FIRST TIER 5 ITEM IN MULTIPLAYER</Data></Cell>
    <Cell ss:StyleID="s62"/>
   </Row>
   <Row ss:AutoFitHeight="0">
    <Cell ss:StyleID="s62"/>
    <Cell ss:StyleID="s62"><Data ss:Type="String">ID_ACH_MPLAY_REQ_10_SCORE</Data></Cell>
    <Cell ss:StyleID="s69"><Data ss:Type="String">30</Data></Cell>
    <Cell ss:StyleID="s98"><Data ss:Type="String">30</Data></Cell>
    <Cell ss:StyleID="s62"/>
   </Row>
   <Row ss:AutoFitHeight="0">
    <Cell ss:StyleID="s62"/>
    <Cell ss:StyleID="s62"><Data ss:Type="String">ID_ACH_MPLAY_MES_11</Data></Cell>
    <Cell ss:StyleID="s69"><Data ss:Type="String">BROTHERS IN ARMS</Data></Cell>
    <Cell ss:StyleID="s98"><Data ss:Type="String">BROTHERS IN ARMS</Data></Cell>
    <Cell ss:StyleID="s62"/>
   </Row>
   <Row ss:AutoFitHeight="0">
    <Cell ss:StyleID="s62"/>
    <Cell ss:StyleID="s62"><Data ss:Type="String">ID_ACH_MPLAY_REQ_11</Data></Cell>
    <Cell ss:StyleID="s69"><Data ss:Type="String">PERFORM A CO-OP EXECUTION IN MULTIPLAYER</Data></Cell>
    <Cell ss:StyleID="s98"><Data ss:Type="String">PERFORM A CO-OP EXECUTION IN MULTIPLAYER</Data></Cell>
    <Cell ss:StyleID="s62"/>
   </Row>
   <Row ss:AutoFitHeight="0">
    <Cell ss:StyleID="s62"/>
    <Cell ss:StyleID="s62"><Data ss:Type="String">ID_ACH_MPLAY_REQ_11_SCORE</Data></Cell>
    <Cell ss:StyleID="s69"><Data ss:Type="Number">5</Data></Cell>
    <Cell ss:StyleID="s98"><Data ss:Type="Number">5</Data></Cell>
    <Cell ss:StyleID="s62"/>
   </Row>
   <Row ss:AutoFitHeight="0">
    <Cell ss:StyleID="s62"/>
    <Cell ss:StyleID="s62"><Data ss:Type="String">ID_ACH_MPLAY_MES_12</Data></Cell>
    <Cell ss:StyleID="s62"><Data ss:Type="String">IT'S JUST A FLESH WOUND</Data></Cell>
    <Cell ss:StyleID="s98"><Data ss:Type="String">IT'S JUST A FLESH WOUND</Data></Cell>
    <Cell ss:StyleID="s62"/>
   </Row>
   <Row ss:AutoFitHeight="0">
    <Cell ss:StyleID="s62"/>
    <Cell ss:StyleID="s62"><Data ss:Type="String">ID_ACH_MPLAY_REQ_12</Data></Cell>
    <Cell ss:StyleID="s62"><Data ss:Type="String">REVIVE ANOTHER PLAYER 3 TIMES</Data></Cell>
    <Cell ss:StyleID="s98"><Data ss:Type="String">REVIVE ANOTHER PLAYER 3 TIMES</Data></Cell>
    <Cell ss:StyleID="s62"/>
   </Row>
   <Row ss:AutoFitHeight="0">
    <Cell ss:StyleID="s62"/>
    <Cell ss:StyleID="s62"><Data ss:Type="String">ID_ACH_MPLAY_REQ_12_SCORE</Data></Cell>
    <Cell ss:StyleID="s62"><Data ss:Type="Number">5</Data></Cell>
    <Cell ss:StyleID="s98"><Data ss:Type="Number">5</Data></Cell>
    <Cell ss:StyleID="s62"/>
   </Row>
   <Row ss:AutoFitHeight="0">
    <Cell ss:StyleID="s62"/>
    <Cell ss:StyleID="s62"><Data ss:Type="String">ID_ACH_MPLAY_MES_13</Data></Cell>
    <Cell ss:StyleID="s62"><Data ss:Type="String">STEP RIGHT THIS WAY!</Data></Cell>
    <Cell ss:StyleID="s98"><Data ss:Type="String">STEP RIGHT THIS WAY!</Data></Cell>
    <Cell ss:StyleID="s62"/>
   </Row>
   <Row ss:AutoFitHeight="0">
    <Cell ss:StyleID="s62"/>
    <Cell ss:StyleID="s62"><Data ss:Type="String">ID_ACH_MPLAY_REQ_13</Data></Cell>
    <Cell ss:StyleID="s62"><Data ss:Type="String">USE A TRAP TO KILL AN ENEMY</Data></Cell>
    <Cell ss:StyleID="s98"><Data ss:Type="String">USE A TRAP TO KILL AN ENEMY</Data></Cell>
    <Cell ss:StyleID="s62"/>
   </Row>
   <Row ss:AutoFitHeight="0">
    <Cell ss:StyleID="s71"/>
    <Cell ss:StyleID="s62"><Data ss:Type="String">ID_ACH_MPLAY_REQ_13_SCORE</Data></Cell>
    <Cell ss:StyleID="s71"><Data ss:Type="Number">5</Data></Cell>
    <Cell ss:StyleID="s101"><Data ss:Type="Number">5</Data></Cell>
    <Cell ss:StyleID="s71"/>
   </Row>
   <Row ss:AutoFitHeight="0">
    <Cell ss:StyleID="s71"/>
    <Cell ss:StyleID="s62"><Data ss:Type="String">ID_ACH_MPLAY_MES_14</Data></Cell>
    <Cell ss:StyleID="s65"><Data ss:Type="String">BLOODY CENTURION</Data></Cell>
    <Cell ss:StyleID="s102"><Data ss:Type="String">BLOODY CENTURION</Data></Cell>
    <Cell ss:StyleID="s71"/>
   </Row>
   <Row ss:AutoFitHeight="0">
    <Cell ss:StyleID="s71"/>
    <Cell ss:StyleID="s62"><Data ss:Type="String">ID_ACH_MPLAY_REQ_14</Data></Cell>
    <Cell ss:StyleID="s70"><Data ss:Type="String">DEFEAT 100 ENEMIES IN MULTIPLAYER</Data></Cell>
    <Cell ss:StyleID="s100"><Data ss:Type="String">DEFEAT 100 ENEMIES IN MULTIPLAYER</Data></Cell>
    <Cell ss:StyleID="s71"/>
   </Row>
   <Row ss:AutoFitHeight="0">
    <Cell ss:Index="2" ss:StyleID="s72"><Data ss:Type="String">ID_ACH_MPLAY_REQ_14_SCORE</Data></Cell>
    <Cell ss:StyleID="s73"><Data ss:Type="Number">5</Data></Cell>
    <Cell ss:StyleID="s103"><Data ss:Type="Number">5</Data></Cell>
    <Cell ss:StyleID="s74"/>
   </Row>
   <Row ss:AutoFitHeight="0">
    <Cell ss:Index="2" ss:StyleID="s65"><Data ss:Type="String">ID_ACH_EXTRA_01</Data></Cell>
    <Cell ss:StyleID="s75"><Data ss:Type="String">DEFLECT MASTER </Data></Cell>
    <Cell ss:StyleID="s104"><Data ss:Type="String">DEFLECT MASTER </Data></Cell>
    <Cell ss:StyleID="s75"><Data ss:Type="String">Added per Alvaro 10.9.13</Data></Cell>
   </Row>
   <Row ss:AutoFitHeight="0">
    <Cell ss:Index="2" ss:StyleID="s65"><Data ss:Type="String">ID_ACH_EXTRA_01_DESC</Data></Cell>
    <Cell ss:StyleID="s75"><Data ss:Type="String">GET 100 PERFECT DEFLECTS IN ANY GAME MODE OR DIFFICULTY.</Data></Cell>
    <Cell ss:StyleID="s104"><Data ss:Type="String">GET 100 PERFECT DEFLECTS IN ANY GAME MODE OR DIFFICULTY.</Data></Cell>
    <Cell ss:StyleID="s75"><Data ss:Type="String">Added per Alvaro 10.9.14</Data></Cell>
   </Row>
   <Row ss:AutoFitHeight="0">
    <Cell ss:Index="2" ss:StyleID="s65"><Data ss:Type="String">ID_ACH_EXTRA_02</Data></Cell>
    <Cell ss:StyleID="s75"><Data ss:Type="String">COMBOING MY WAY THROUGH</Data></Cell>
    <Cell ss:StyleID="s104"><Data ss:Type="String">COMBOING MY WAY THROUGH</Data></Cell>
    <Cell ss:StyleID="s75"><Data ss:Type="String">Added per Alvaro 10.9.15</Data></Cell>
   </Row>
   <Row ss:AutoFitHeight="0">
    <Cell ss:Index="2" ss:StyleID="s65"><Data ss:Type="String">ID_ACH_EXTRA_02_DESC</Data></Cell>
    <Cell ss:StyleID="s75"><Data ss:Type="String">DEFEAT 10 ENEMIES IN A ROW WITHOUT SUSTAINING ANY DAMAGE.</Data></Cell>
    <Cell ss:StyleID="s104"><Data ss:Type="String">DEFEAT 10 ENEMIES IN A ROW WITHOUT SUSTAINING ANY DAMAGE.</Data></Cell>
    <Cell ss:StyleID="s75"><Data ss:Type="String">Added per Alvaro 10.9.16</Data></Cell>
   </Row>
   <Row ss:AutoFitHeight="0">
    <Cell ss:Index="2" ss:StyleID="s65"><Data ss:Type="String">ID_ACH_EXTRA_03</Data></Cell>
    <Cell ss:StyleID="s75"><Data ss:Type="String">MONSTROUS COMBO</Data></Cell>
    <Cell ss:StyleID="s104"><Data ss:Type="String">MONSTROUS COMBO</Data></Cell>
    <Cell ss:StyleID="s75"><Data ss:Type="String">Added per Alvaro 10.9.17</Data></Cell>
   </Row>
   <Row ss:AutoFitHeight="0">
    <Cell ss:Index="2" ss:StyleID="s65"><Data ss:Type="String">ID_ACH_EXTRA_03_DESC</Data></Cell>
    <Cell ss:StyleID="s75"><Data ss:Type="String">DEFEAT 25 ENEMIES IN A ROW WITHOUT SUSTAINING ANY DAMAGE.</Data></Cell>
    <Cell ss:StyleID="s104"><Data ss:Type="String">DEFEAT 25 ENEMIES IN A ROW WITHOUT SUSTAINING ANY DAMAGE.</Data></Cell>
    <Cell ss:StyleID="s75"><Data ss:Type="String">Added per Alvaro 10.9.18</Data></Cell>
   </Row>
   <Row ss:AutoFitHeight="0">
    <Cell ss:Index="2" ss:StyleID="s65"><Data ss:Type="String">ID_ACH_EXTRA_04</Data></Cell>
    <Cell ss:StyleID="s75"><Data ss:Type="String">HEAD EXECUTIONER</Data></Cell>
    <Cell ss:StyleID="s104"><Data ss:Type="String">HEAD EXECUTIONER</Data></Cell>
    <Cell ss:StyleID="s75"><Data ss:Type="String">Added per Alvaro 10.9.19</Data></Cell>
   </Row>
   <Row ss:AutoFitHeight="0">
    <Cell ss:Index="2" ss:StyleID="s65"><Data ss:Type="String">ID_ACH_EXTRA_04_DESC</Data></Cell>
    <Cell ss:StyleID="s75"><Data ss:Type="String">PERFORM 100 EXECUTIONS IN ANY GAME MODE OR DIFFICULTY.</Data></Cell>
    <Cell ss:StyleID="s104"><Data ss:Type="String">PERFORM 100 EXECUTIONS IN ANY GAME MODE OR DIFFICULTY.</Data></Cell>
    <Cell ss:StyleID="s75"><Data ss:Type="String">Added per Alvaro 10.9.20</Data></Cell>
   </Row>
   <Row ss:AutoFitHeight="0">
    <Cell ss:Index="2" ss:StyleID="s65"><Data ss:Type="String">ID_ACH_EXTRA_05</Data></Cell>
    <Cell ss:StyleID="s75"><Data ss:Type="String">DOUBLE-DOWN</Data></Cell>
    <Cell ss:StyleID="s104"><Data ss:Type="String">DOUBLE-DOWN</Data></Cell>
    <Cell ss:StyleID="s75"><Data ss:Type="String">Added per Alvaro 10.9.21</Data></Cell>
   </Row>
   <Row ss:AutoFitHeight="0">
    <Cell ss:Index="2" ss:StyleID="s65"><Data ss:Type="String">ID_ACH_EXTRA_05_DESC</Data></Cell>
    <Cell ss:StyleID="s75"><Data ss:Type="String">PERFORM 50 DOUBLE EXECUTIONS IN ANY GAME MODE OR DIFFICULTY.</Data></Cell>
    <Cell ss:StyleID="s104"><Data ss:Type="String">PERFORM 50 DOUBLE EXECUTIONS IN ANY GAME MODE OR DIFFICULTY.</Data></Cell>
    <Cell ss:StyleID="s75"><Data ss:Type="String">Added per Alvaro 10.9.22</Data></Cell>
   </Row>
  </Table>
  <WorksheetOptions xmlns="urn:schemas-microsoft-com:office:excel">
   <PageSetup>
    <Layout x:Orientation="Landscape"/>
    <Header x:Margin="0.51181102362204722"
     x:Data="&amp;LTime restriction sample script"/>
    <Footer x:Margin="0.51181102362204722" x:Data="Page &amp;P"/>
    <PageMargins x:Bottom="0.98425196850393704" x:Left="0" x:Right="0"
     x:Top="0.98425196850393704"/>
   </PageSetup>
   <Unsynced/>
   <Print>
    <ValidPrinterInfo/>
    <PaperSizeIndex>9</PaperSizeIndex>
    <Scale>70</Scale>
    <HorizontalResolution>600</HorizontalResolution>
    <VerticalResolution>600</VerticalResolution>
   </Print>
   <Selected/>
   <LeftColumnVisible>2</LeftColumnVisible>
   <Panes>
    <Pane>
     <Number>3</Number>
     <ActiveCol>3</ActiveCol>
     <RangeSelection>C4</RangeSelection>
    </Pane>
   </Panes>
   <ProtectObjects>False</ProtectObjects>
   <ProtectScenarios>False</ProtectScenarios>
  </WorksheetOptions>
 </Worksheet>
 <Worksheet ss:Name="Sheet2">
  <Table ss:ExpandedColumnCount="1" ss:ExpandedRowCount="1" x:FullColumns="1"
   x:FullRows="1">
  </Table>
  <WorksheetOptions xmlns="urn:schemas-microsoft-com:office:excel">
   <PageSetup>
    <Header x:Margin="0.3"/>
    <Footer x:Margin="0.3"/>
    <PageMargins x:Bottom="0.75" x:Left="0.7" x:Right="0.7" x:Top="0.75"/>
   </PageSetup>
   <ProtectObjects>False</ProtectObjects>
   <ProtectScenarios>False</ProtectScenarios>
  </WorksheetOptions>
 </Worksheet>
</Workbook>
