<?xml version="1.0"?>
<?mso-application progid="Excel.Sheet"?>
<Workbook xmlns="urn:schemas-microsoft-com:office:spreadsheet"
 xmlns:o="urn:schemas-microsoft-com:office:office"
 xmlns:x="urn:schemas-microsoft-com:office:excel"
 xmlns:dt="uuid:C2F41010-65B3-11d1-A29F-00AA00C14882"
 xmlns:ss="urn:schemas-microsoft-com:office:spreadsheet"
 xmlns:html="http://www.w3.org/TR/REC-html40">
 <DocumentProperties xmlns="urn:schemas-microsoft-com:office:office">
  <Title>Audio script template</Title>
  <Author>Maëlenn Lumineau</Author>
  <LastAuthor>dancho</LastAuthor>
  <LastPrinted>2003-10-30T09:38:41Z</LastPrinted>
  <Created>2002-06-17T19:14:00Z</Created>
  <LastSaved>2014-10-11T08:41:39Z</LastSaved>
  <Company>Electronic Arts</Company>
  <Version>12.00</Version>
 </DocumentProperties>
 <CustomDocumentProperties xmlns="urn:schemas-microsoft-com:office:office">
  <KSOProductBuildVer dt:dt="string">2052-9.1.0.4856</KSOProductBuildVer>
 </CustomDocumentProperties>
 <OfficeDocumentSettings xmlns="urn:schemas-microsoft-com:office:office">
  <AllowPNG/>
 </OfficeDocumentSettings>
 <ExcelWorkbook xmlns="urn:schemas-microsoft-com:office:excel">
  <SupBook>
   <Path>\DOCUME~1\jack\LOCALS~1\Temp\p4v\PC025 perforce 1666\data\Game02\Game\Languages\Copy of Dialog_Asset_List_Final_edit.xls</Path>
   <SheetName>DropDown</SheetName>
   <SheetName>Conversations</SheetName>
   <Xct>
    <Count>2</Count>
    <SheetIndex>0</SheetIndex>
    <Crn>
     <Row>6</Row>
     <ColFirst>0</ColFirst>
     <ColLast>4</ColLast>
     <Text>clean</Text>
     <Text>TV</Text>
     <Text>radio (disturbed) </Text>
     <Text>radio (low)</Text>
     <Text>radio (heavy)</Text>
    </Crn>
    <Crn>
     <Row>9</Row>
     <ColFirst>0</ColFirst>
     <ColLast>41</ColLast>
     <Text>Player</Text>
     <Text>Barnes</Text>
     <Text>Hawker</Text>
     <Text>Sykes</Text>
     <Text>Johnson</Text>
     <Text>Cortez</Text>
     <Text>Beck</Text>
     <Text>Miller</Text>
     <Text>Baxter</Text>
     <Text>American scientist</Text>
     <Text>Shark</Text>
     <Text>Chia</Text>
     <Text>Kirovski</Text>
     <Text>Michaels</Text>
     <Text>Chang</Text>
     <Text>Marine Soldier a</Text>
     <Text>Marine Soldier b</Text>
     <Text>Chinese Soldier a</Text>
     <Text>Chinese Soldier b</Text>
     <Text>Chinese Soldier c</Text>
     <Text>Chinese Soldier d</Text>
     <Text>Chinese Soldier e</Text>
     <Text>Chinese Soldier f</Text>
     <Text>Chinese Officer a</Text>
     <Text>Chinese Officer b</Text>
     <Text>Chinese Scientist a</Text>
     <Text>Chinese Scientist b</Text>
     <Text>Chinese Scientist Female a</Text>
     <Text>Chinese Scientist Female b</Text>
     <Text>Filmcrew Member</Text>
     <Text>Morrison</Text>
     <Text>C17 Pilot a</Text>
     <Text>C17 Pilot b</Text>
     <Text>Submarine Commander Davis</Text>
     <Text>Pilot (camera)</Text>
     <Text>Bridge officer 1</Text>
     <Text>Bridge officer 2</Text>
     <Text>Carrier deck guide</Text>
     <Text>Jet Pilot</Text>
     <Text>VTOL Pilot</Text>
     <Text>Commander (camera)</Text>
     <Text>Team Two (camera)</Text>
    </Crn>
   </Xct>
  </SupBook>
  <WindowHeight>10245</WindowHeight>
  <WindowWidth>19440</WindowWidth>
  <WindowTopX>0</WindowTopX>
  <WindowTopY>0</WindowTopY>
  <RefModeR1C1/>
  <ProtectStructure>False</ProtectStructure>
  <ProtectWindows>False</ProtectWindows>
 </ExcelWorkbook>
 <Styles>
  <Style ss:ID="Default" ss:Name="Normal">
   <Alignment ss:Vertical="Bottom"/>
   <Font ss:FontName="Arial" x:Family="Swiss"/>
  </Style>
  <Style ss:ID="s62">
   <Alignment ss:Horizontal="Center" ss:Vertical="Top" ss:WrapText="1"/>
   <Borders>
    <Border ss:Position="Right" ss:LineStyle="Continuous" ss:Weight="1"/>
   </Borders>
  </Style>
  <Style ss:ID="s63">
   <Alignment ss:Horizontal="Center" ss:Vertical="Top" ss:WrapText="1"/>
   <Borders>
    <Border ss:Position="Bottom" ss:LineStyle="Continuous" ss:Weight="1"/>
    <Border ss:Position="Left" ss:LineStyle="Continuous" ss:Weight="1"/>
    <Border ss:Position="Right" ss:LineStyle="Continuous" ss:Weight="1"/>
    <Border ss:Position="Top" ss:LineStyle="Continuous" ss:Weight="1"/>
   </Borders>
   <Font ss:FontName="Courier New" x:Family="Modern" ss:Color="#FFFFFF" ss:Bold="1"/>
   <Interior ss:Color="#FFCC00" ss:Pattern="Solid"/>
  </Style>
  <Style ss:ID="s64">
   <Alignment ss:Horizontal="Center" ss:Vertical="Top" ss:WrapText="1"/>
   <Borders>
    <Border ss:Position="Bottom" ss:LineStyle="Continuous" ss:Weight="1"/>
    <Border ss:Position="Left" ss:LineStyle="Continuous" ss:Weight="1"/>
    <Border ss:Position="Right" ss:LineStyle="Continuous" ss:Weight="1"/>
    <Border ss:Position="Top" ss:LineStyle="Continuous" ss:Weight="1"/>
   </Borders>
   <Font ss:FontName="Courier New" x:Family="Modern" ss:Color="#FFFFFF" ss:Bold="1"/>
   <Interior ss:Color="#FF0000" ss:Pattern="Solid"/>
  </Style>
  <Style ss:ID="s65">
   <Alignment ss:Horizontal="Center" ss:Vertical="Top" ss:WrapText="1"/>
  </Style>
  <Style ss:ID="s66">
   <Alignment ss:Vertical="Top" ss:WrapText="1"/>
   <Borders>
    <Border ss:Position="Bottom" ss:LineStyle="Continuous" ss:Weight="1"/>
    <Border ss:Position="Left" ss:LineStyle="Continuous" ss:Weight="1"/>
    <Border ss:Position="Right" ss:LineStyle="Continuous" ss:Weight="1"/>
    <Border ss:Position="Top" ss:LineStyle="Continuous" ss:Weight="1"/>
   </Borders>
  </Style>
  <Style ss:ID="s67">
   <Alignment ss:Horizontal="Center" ss:Vertical="Top" ss:WrapText="1"/>
   <Borders>
    <Border ss:Position="Bottom" ss:LineStyle="Continuous" ss:Weight="1"/>
    <Border ss:Position="Right" ss:LineStyle="Continuous" ss:Weight="1"/>
    <Border ss:Position="Top" ss:LineStyle="Continuous" ss:Weight="1"/>
   </Borders>
   <Font ss:FontName="Arial" x:Family="Swiss"/>
   <Interior ss:Color="#FFCC00" ss:Pattern="Solid"/>
  </Style>
  <Style ss:ID="s68">
   <Alignment ss:Vertical="Top" ss:WrapText="1"/>
   <Borders>
    <Border ss:Position="Bottom" ss:LineStyle="Continuous" ss:Weight="1"/>
    <Border ss:Position="Left" ss:LineStyle="Continuous" ss:Weight="1"/>
    <Border ss:Position="Right" ss:LineStyle="Continuous" ss:Weight="1"/>
    <Border ss:Position="Top" ss:LineStyle="Continuous" ss:Weight="1"/>
   </Borders>
   <Interior ss:Color="#FFCC00" ss:Pattern="Solid"/>
  </Style>
  <Style ss:ID="s69">
   <Alignment ss:Vertical="Top" ss:WrapText="1"/>
   <Borders>
    <Border ss:Position="Right" ss:LineStyle="Continuous" ss:Weight="1"/>
   </Borders>
  </Style>
  <Style ss:ID="s70">
   <Alignment ss:Vertical="Top" ss:WrapText="1"/>
  </Style>
  <Style ss:ID="s71">
   <Alignment ss:Vertical="Bottom"/>
  </Style>
  <Style ss:ID="s72">
   <Alignment ss:Horizontal="Center" ss:Vertical="Top" ss:WrapText="1"/>
   <Borders>
    <Border ss:Position="Bottom" ss:LineStyle="Continuous" ss:Weight="1"/>
    <Border ss:Position="Left" ss:LineStyle="Continuous" ss:Weight="1"/>
    <Border ss:Position="Right" ss:LineStyle="Continuous" ss:Weight="1"/>
    <Border ss:Position="Top" ss:LineStyle="Continuous" ss:Weight="1"/>
   </Borders>
   <Font ss:FontName="굴림" x:CharSet="129" x:Family="Modern" ss:Color="#FFFFFF"
    ss:Bold="1"/>
   <Interior ss:Color="#FF0000" ss:Pattern="Solid"/>
  </Style>
  <Style ss:ID="s73">
   <Alignment ss:Vertical="Top" ss:WrapText="1"/>
   <Borders>
    <Border ss:Position="Bottom" ss:LineStyle="Continuous" ss:Weight="1"/>
    <Border ss:Position="Left" ss:LineStyle="Continuous" ss:Weight="1"/>
    <Border ss:Position="Right" ss:LineStyle="Continuous" ss:Weight="1"/>
    <Border ss:Position="Top" ss:LineStyle="Continuous" ss:Weight="1"/>
   </Borders>
   <Font ss:FontName="굴림" x:CharSet="129" x:Family="Modern"/>
   <Interior ss:Color="#FFCC00" ss:Pattern="Solid"/>
  </Style>
  <Style ss:ID="s74">
   <Alignment ss:Vertical="Top" ss:WrapText="1"/>
   <Font ss:FontName="굴림" x:CharSet="129" x:Family="Modern"/>
  </Style>
  <Style ss:ID="s75">
   <Alignment ss:Vertical="Bottom"/>
   <Font ss:FontName="굴림" x:CharSet="129" x:Family="Modern"/>
  </Style>
  <Style ss:ID="s76">
   <Font ss:FontName="굴림" x:CharSet="129" x:Family="Modern"/>
  </Style>
 </Styles>
 <Names>
  <NamedRange ss:Name="characters"
   ss:RefersTo="='\DOCUME~1\jack\LOCALS~1\Temp\p4v\PC025 perforce 1666\data\Game02\Game\Languages\[Copy of Dialog_Asset_List_Final_edit.xls]DropDown'!R10C1:R10C42"/>
  <NamedRange ss:Name="type"
   ss:RefersTo="='\DOCUME~1\jack\LOCALS~1\Temp\p4v\PC025 perforce 1666\data\Game02\Game\Languages\[Copy of Dialog_Asset_List_Final_edit.xls]DropDown'!R7C1:R7C5"/>
 </Names>
 <Worksheet ss:Name="Sheet1">
  <Names>
   <NamedRange ss:Name="Print_Area" ss:RefersTo="=Sheet1!R1C3:RC[3]"/>
  </Names>
  <Table ss:ExpandedColumnCount="5" ss:ExpandedRowCount="2256" x:FullColumns="1"
   x:FullRows="1">
   <Column ss:AutoFitWidth="0" ss:Width="16.5"/>
   <Column ss:AutoFitWidth="0" ss:Width="160.5"/>
   <Column ss:AutoFitWidth="0" ss:Width="358.5"/>
   <Column ss:StyleID="s76" ss:AutoFitWidth="0" ss:Width="495"/>
   <Column ss:AutoFitWidth="0" ss:Width="399.75"/>
   <Row ss:AutoFitHeight="0" ss:Height="13.5">
    <Cell ss:StyleID="s62"/>
    <Cell ss:StyleID="s63"><Data ss:Type="String">KEY</Data></Cell>
    <Cell ss:StyleID="s64"><Data ss:Type="String">ORIGINAL TEXT</Data><NamedCell
      ss:Name="Print_Area"/></Cell>
    <Cell ss:StyleID="s72"><Data ss:Type="String">TRANSLATED TEXT</Data><NamedCell
      ss:Name="Print_Area"/></Cell>
    <Cell ss:StyleID="s65"><Data ss:Type="String">CONTEXT</Data></Cell>
   </Row>
   <Row ss:AutoFitHeight="0">
    <Cell ss:StyleID="s66"/>
    <Cell ss:StyleID="s67"/>
    <Cell ss:StyleID="s68"/>
    <Cell ss:StyleID="s73"/>
    <Cell ss:StyleID="s68"/>
   </Row>
   <Row ss:AutoFitHeight="0">
    <Cell ss:StyleID="s69"/>
    <Cell ss:StyleID="s70"><Data ss:Type="String">game_title</Data></Cell>
    <Cell ss:StyleID="s70"><Data ss:Type="String">Crysis®3</Data></Cell>
    <Cell ss:StyleID="s74"><Data ss:Type="String">Crysis®3</Data></Cell>
    <Cell ss:StyleID="s70"><Data ss:Type="String">Legacy from Crysis 3</Data></Cell>
   </Row>
   <Row ss:AutoFitHeight="0">
    <Cell ss:StyleID="s69"/>
    <Cell ss:StyleID="s70"><Data ss:Type="String">ps3_savegame_subtitle</Data></Cell>
    <Cell ss:StyleID="s70"><Data ss:Type="String">Save Game</Data></Cell>
    <Cell ss:StyleID="s74"><Data ss:Type="String">Save Game</Data></Cell>
    <Cell ss:StyleID="s70"><Data ss:Type="String">Legacy from Crysis 3</Data></Cell>
   </Row>
   <Row ss:AutoFitHeight="0">
    <Cell ss:StyleID="s69"/>
    <Cell ss:StyleID="s70"><Data ss:Type="String">ps3_savegame_detail</Data></Cell>
    <Cell ss:StyleID="s70"><Data ss:Type="String">Crytek®, 2013</Data></Cell>
    <Cell ss:StyleID="s74"><Data ss:Type="String">Crytek®, 2013</Data></Cell>
    <Cell ss:StyleID="s70"><Data ss:Type="String">Legacy from Crysis 3</Data></Cell>
   </Row>
   <Row ss:AutoFitHeight="0">
    <Cell ss:StyleID="s69"/>
    <Cell ss:StyleID="s70"><Data ss:Type="String">mp_rp_idle</Data></Cell>
    <Cell ss:StyleID="s70"><Data ss:Type="String">Idle</Data></Cell>
    <Cell ss:StyleID="s74"><Data ss:Type="String">Idle</Data></Cell>
    <Cell ss:StyleID="s70"><Data ss:Type="String">Legacy from Crysis 3</Data></Cell>
   </Row>
   <Row ss:AutoFitHeight="0">
    <Cell ss:StyleID="s69"/>
    <Cell ss:StyleID="s70"><Data ss:Type="String">mp_rp_lobby</Data></Cell>
    <Cell ss:StyleID="s70"><Data ss:Type="String">In a lobby</Data></Cell>
    <Cell ss:StyleID="s74"><Data ss:Type="String">In a lobby</Data></Cell>
    <Cell ss:StyleID="s70"><Data ss:Type="String">Legacy from Crysis 3</Data></Cell>
   </Row>
   <Row ss:AutoFitHeight="0">
    <Cell ss:StyleID="s69"/>
    <Cell ss:StyleID="s70"><Data ss:Type="String">mp_rp_frontend</Data></Cell>
    <Cell ss:StyleID="s70"><Data ss:Type="String">In the menus</Data></Cell>
    <Cell ss:StyleID="s74"><Data ss:Type="String">In the menus</Data></Cell>
    <Cell ss:StyleID="s70"><Data ss:Type="String">Legacy from Crysis 3</Data></Cell>
   </Row>
   <Row ss:AutoFitHeight="0">
    <Cell ss:StyleID="s69"/>
    <Cell ss:StyleID="s70"><Data ss:Type="String">mp_rp_gameplay</Data></Cell>
    <Cell ss:StyleID="s70"><Data ss:Type="String">%1, %2</Data></Cell>
    <Cell ss:StyleID="s74"><Data ss:Type="String">%1, %2</Data></Cell>
    <Cell ss:StyleID="s70"><Data ss:Type="String">Legacy from Crysis 3</Data></Cell>
   </Row>
   <Row ss:AutoFitHeight="0">
    <Cell ss:StyleID="s69"/>
    <Cell ss:StyleID="s70"><Data ss:Type="String">mp_rp_singleplayer</Data></Cell>
    <Cell ss:StyleID="s70"><Data ss:Type="String">Singleplayer</Data></Cell>
    <Cell ss:StyleID="s74"><Data ss:Type="String">Singleplayer</Data></Cell>
    <Cell ss:StyleID="s70"><Data ss:Type="String">Legacy from Crysis 3</Data></Cell>
   </Row>
   <Row ss:AutoFitHeight="0">
    <Cell ss:StyleID="s69"/>
    <Cell ss:StyleID="s70"><Data ss:Type="String">mp_rp_gameplay_unknownmap</Data></Cell>
    <Cell ss:StyleID="s70"><Data ss:Type="String">Playing %1 on a new DLC map</Data></Cell>
    <Cell ss:StyleID="s74"><Data ss:Type="String">Playing %1 on a new DLC map</Data></Cell>
    <Cell ss:StyleID="s70"><Data ss:Type="String">Legacy from Crysis 3</Data></Cell>
   </Row>
   <Row ss:AutoFitHeight="0">
    <Cell ss:StyleID="s69"/>
    <Cell ss:StyleID="s70"><Data ss:Type="String">c3_cache</Data></Cell>
    <Cell ss:StyleID="s70"><Data ss:Type="String">Crysis3 Content Cache</Data></Cell>
    <Cell ss:StyleID="s74"><Data ss:Type="String">Crysis3 Content Cache</Data></Cell>
    <Cell ss:StyleID="s70"><Data ss:Type="String">Legacy from Crysis 3</Data></Cell>
   </Row>
   <Row ss:AutoFitHeight="0">
    <Cell ss:StyleID="s69"/>
    <Cell ss:StyleID="s70"><Data ss:Type="String">xmb_invite_sub</Data></Cell>
    <Cell ss:StyleID="s70"><Data ss:Type="String">Squad Invite</Data></Cell>
    <Cell ss:StyleID="s74"><Data ss:Type="String">Squad Invite</Data></Cell>
    <Cell ss:StyleID="s70"><Data ss:Type="String">Legacy from Crysis 3</Data></Cell>
   </Row>
   <Row ss:AutoFitHeight="0">
    <Cell ss:StyleID="s69"/>
    <Cell ss:StyleID="s70"><Data ss:Type="String">xmb_invite_body</Data></Cell>
    <Cell ss:StyleID="s70"><Data ss:Type="String">Would you like to join my Crysis®3 squad?</Data></Cell>
    <Cell ss:StyleID="s74"><Data ss:Type="String">Would you like to join my Crysis®3 squad?</Data></Cell>
    <Cell ss:StyleID="s70"><Data ss:Type="String">Legacy from Crysis 3</Data></Cell>
   </Row>
   <Row ss:AutoFitHeight="0">
    <Cell ss:StyleID="s69"/>
    <Cell ss:StyleID="s70"><Data ss:Type="String">xmb_friendrq_sub</Data></Cell>
    <Cell ss:StyleID="s70"><Data ss:Type="String">Friend Request</Data></Cell>
    <Cell ss:StyleID="s74"><Data ss:Type="String">Friend Request</Data></Cell>
    <Cell ss:StyleID="s70"><Data ss:Type="String">Legacy from Crysis 3</Data></Cell>
   </Row>
   <Row ss:AutoFitHeight="0">
    <Cell ss:StyleID="s69"/>
    <Cell ss:StyleID="s70"><Data ss:Type="String">xmb_friendrq_body</Data></Cell>
    <Cell ss:StyleID="s70"><Data ss:Type="String">Would you like to be my Friend?</Data></Cell>
    <Cell ss:StyleID="s74"><Data ss:Type="String">Would you like to be my Friend?</Data></Cell>
    <Cell ss:StyleID="s70"><Data ss:Type="String">Legacy from Crysis 3</Data></Cell>
   </Row>
   <Row ss:AutoFitHeight="0">
    <Cell ss:StyleID="s69"/>
    <Cell ss:StyleID="s70"><Data ss:Type="String">ui_chattype_all</Data></Cell>
    <Cell ss:StyleID="s70"><Data ss:Type="String">(ALL):</Data></Cell>
    <Cell ss:StyleID="s74"><Data ss:Type="String">(ALL):</Data></Cell>
    <Cell ss:StyleID="s70"><Data ss:Type="String">Legacy from Crysis 3</Data></Cell>
   </Row>
   <Row ss:AutoFitHeight="0">
    <Cell ss:StyleID="s69"/>
    <Cell ss:StyleID="s70"><Data ss:Type="String">ui_save_corrupt_ps3</Data></Cell>
    <Cell ss:StyleID="s70"><Data ss:Type="String">The Save Data is corrupted and cannot be loaded. The Save Data will now be overwritten.</Data></Cell>
    <Cell ss:StyleID="s74"><Data ss:Type="String">The Save Data is corrupted and cannot be loaded. The Save Data will now be overwritten.</Data></Cell>
    <Cell ss:StyleID="s70"><Data ss:Type="String">Legacy from Crysis 3</Data></Cell>
   </Row>
   <Row ss:AutoFitHeight="0">
    <Cell ss:StyleID="s69"/>
    <Cell ss:StyleID="s70"><Data ss:Type="String">ui_boot_check_message</Data></Cell>
    <Cell ss:StyleID="s70"><Data ss:Type="String">Please wait; checking game data</Data></Cell>
    <Cell ss:StyleID="s74"><Data ss:Type="String">Please wait; checking game data</Data></Cell>
    <Cell ss:StyleID="s70"><Data ss:Type="String">Legacy from Crysis 3</Data></Cell>
   </Row>
   <Row ss:AutoFitHeight="0">
    <Cell ss:StyleID="s69"/>
    <Cell ss:StyleID="s70"><Data ss:Type="String">ui_menu_lobby_internal_error</Data></Cell>
    <Cell ss:StyleID="s70"><Data ss:Type="String">An error has occurred. Please check your network connectivity</Data></Cell>
    <Cell ss:StyleID="s74"><Data ss:Type="String">An error has occurred. Please check your network connectivity</Data></Cell>
    <Cell ss:StyleID="s70"><Data ss:Type="String">Legacy from Crysis 3</Data></Cell>
   </Row>
   <Row ss:AutoFitHeight="0">
    <Cell ss:StyleID="s69"/>
    <Cell ss:StyleID="s70"><Data ss:Type="String">ui_menu_disconnect_error_4</Data></Cell>
    <Cell ss:StyleID="s70"><Data ss:Type="String">Server full</Data></Cell>
    <Cell ss:StyleID="s74"><Data ss:Type="String">Server full</Data></Cell>
    <Cell ss:StyleID="s70"><Data ss:Type="String">Legacy from Crysis 3</Data></Cell>
   </Row>
   <Row ss:AutoFitHeight="0">
    <Cell ss:StyleID="s69"/>
    <Cell ss:StyleID="s70"><Data ss:Type="String">ui_gamedata_installation_message</Data></Cell>
    <Cell ss:StyleID="s70"><Data ss:Type="String">Please wait; installing game data. Please do not turn off the system during the installation.</Data></Cell>
    <Cell ss:StyleID="s74"><Data ss:Type="String">Please wait; installing game data. Please do not turn off the system during the installation.</Data></Cell>
    <Cell ss:StyleID="s70"><Data ss:Type="String">Legacy from Crysis 3</Data></Cell>
   </Row>
   <Row ss:AutoFitHeight="0">
    <Cell ss:StyleID="s69"/>
    <Cell ss:StyleID="s70"><Data ss:Type="String">ui_gamedata_pre_installation_message</Data></Cell>
    <Cell ss:StyleID="s70"><Data ss:Type="String">Game data is about to be installed. Please do not turn off the system during the installation.</Data></Cell>
    <Cell ss:StyleID="s74"><Data ss:Type="String">Game data is about to be installed. Please do not turn off the system during the installation.</Data></Cell>
    <Cell ss:StyleID="s70"><Data ss:Type="String">Legacy from Crysis 3</Data></Cell>
   </Row>
   <Row ss:AutoFitHeight="0">
    <Cell ss:StyleID="s69"/>
    <Cell ss:StyleID="s70"><Data ss:Type="String">ui_mp_nattype_open</Data></Cell>
    <Cell ss:StyleID="s70"><Data ss:Type="String">NAT Type: Open</Data></Cell>
    <Cell ss:StyleID="s74"><Data ss:Type="String">NAT Type: Open</Data></Cell>
    <Cell ss:StyleID="s70"><Data ss:Type="String">Legacy from Crysis 3</Data></Cell>
   </Row>
   <Row ss:AutoFitHeight="0">
    <Cell ss:StyleID="s69"/>
    <Cell ss:StyleID="s70"><Data ss:Type="String">ui_mp_nattype_moderate</Data></Cell>
    <Cell ss:StyleID="s70"><Data ss:Type="String">NAT Type: Moderate</Data></Cell>
    <Cell ss:StyleID="s74"><Data ss:Type="String">NAT Type: Moderate</Data></Cell>
    <Cell ss:StyleID="s70"><Data ss:Type="String">Legacy from Crysis 3</Data></Cell>
   </Row>
   <Row ss:AutoFitHeight="0">
    <Cell ss:StyleID="s69"/>
    <Cell ss:StyleID="s70"><Data ss:Type="String">ui_mp_nattype_strict</Data></Cell>
    <Cell ss:StyleID="s70"><Data ss:Type="String">NAT Type: Strict</Data></Cell>
    <Cell ss:StyleID="s74"><Data ss:Type="String">NAT Type: Strict</Data></Cell>
    <Cell ss:StyleID="s70"><Data ss:Type="String">Legacy from Crysis 3</Data></Cell>
   </Row>
   <Row ss:AutoFitHeight="0">
    <Cell ss:StyleID="s69"/>
    <Cell ss:StyleID="s70"><Data ss:Type="String">ui_mp_nattype_unknown</Data></Cell>
    <Cell ss:StyleID="s70"><Data ss:Type="String">NAT Type: Unknown</Data></Cell>
    <Cell ss:StyleID="s74"><Data ss:Type="String">NAT Type: Unknown</Data></Cell>
    <Cell ss:StyleID="s70"><Data ss:Type="String">Legacy from Crysis 3</Data></Cell>
   </Row>
   <Row ss:AutoFitHeight="0">
    <Cell ss:StyleID="s69"/>
    <Cell ss:StyleID="s70"><Data ss:Type="String">ui_save_is_owned_by_other_user</Data></Cell>
    <Cell ss:StyleID="s70"><Data ss:Type="String">The Save Data was created by another user and so it cannot be loaded. Overwrite Save Data now? </Data></Cell>
    <Cell ss:StyleID="s74"><Data ss:Type="String">The Save Data was created by another user and so it cannot be loaded. Overwrite Save Data now? </Data></Cell>
    <Cell ss:StyleID="s70"><Data ss:Type="String">Legacy from Crysis 3</Data></Cell>
   </Row>
   <Row ss:AutoFitHeight="0">
    <Cell ss:StyleID="s69"/>
    <Cell ss:StyleID="s70"><Data ss:Type="String">ui_menu_lobby_error_0</Data></Cell>
    <Cell ss:StyleID="s70"><Data ss:Type="String">Success!</Data></Cell>
    <Cell ss:StyleID="s74"><Data ss:Type="String">Success!</Data></Cell>
    <Cell ss:StyleID="s70"><Data ss:Type="String">Legacy from Crysis 3</Data></Cell>
   </Row>
   <Row ss:AutoFitHeight="0">
    <Cell ss:StyleID="s69"/>
    <Cell ss:StyleID="s70"><Data ss:Type="String">ui_menu_lobby_error_1</Data></Cell>
    <Cell ss:StyleID="s70"><Data ss:Type="String">Success! Continuing...</Data></Cell>
    <Cell ss:StyleID="s74"><Data ss:Type="String">Success! Continuing...</Data></Cell>
    <Cell ss:StyleID="s70"><Data ss:Type="String">Legacy from Crysis 3</Data></Cell>
   </Row>
   <Row ss:AutoFitHeight="0">
    <Cell ss:StyleID="s69"/>
    <Cell ss:StyleID="s70"><Data ss:Type="String">ui_menu_lobby_error_2</Data></Cell>
    <Cell ss:StyleID="s70"><Data ss:Type="String">Service not supported</Data></Cell>
    <Cell ss:StyleID="s74"><Data ss:Type="String">Service not supported</Data></Cell>
    <Cell ss:StyleID="s70"><Data ss:Type="String">Legacy from Crysis 3</Data></Cell>
   </Row>
   <Row ss:AutoFitHeight="0">
    <Cell ss:StyleID="s69"/>
    <Cell ss:StyleID="s70"><Data ss:Type="String">ui_menu_lobby_error_3</Data></Cell>
    <Cell ss:StyleID="s70"><Data ss:Type="String">Already initialized</Data></Cell>
    <Cell ss:StyleID="s74"><Data ss:Type="String">Already initialized</Data></Cell>
    <Cell ss:StyleID="s70"><Data ss:Type="String">Legacy from Crysis 3</Data></Cell>
   </Row>
   <Row ss:AutoFitHeight="0">
    <Cell ss:StyleID="s69"/>
    <Cell ss:StyleID="s70"><Data ss:Type="String">ui_menu_lobby_error_4</Data></Cell>
    <Cell ss:StyleID="s70"><Data ss:Type="String">Not initialized</Data></Cell>
    <Cell ss:StyleID="s74"><Data ss:Type="String">Not initialized</Data></Cell>
    <Cell ss:StyleID="s70"><Data ss:Type="String">Legacy from Crysis 3</Data></Cell>
   </Row>
   <Row ss:AutoFitHeight="0">
    <Cell ss:StyleID="s69"/>
    <Cell ss:StyleID="s70"><Data ss:Type="String">ui_menu_lobby_error_5</Data></Cell>
    <Cell ss:StyleID="s70"><Data ss:Type="String">Too many tasks</Data></Cell>
    <Cell ss:StyleID="s74"><Data ss:Type="String">Too many tasks</Data></Cell>
    <Cell ss:StyleID="s70"><Data ss:Type="String">Legacy from Crysis 3</Data></Cell>
   </Row>
   <Row ss:AutoFitHeight="0">
    <Cell ss:StyleID="s69"/>
    <Cell ss:StyleID="s70"><Data ss:Type="String">ui_menu_lobby_error_6</Data></Cell>
    <Cell ss:StyleID="s70"><Data ss:Type="String">Out of memory</Data></Cell>
    <Cell ss:StyleID="s74"><Data ss:Type="String">Out of memory</Data></Cell>
    <Cell ss:StyleID="s70"><Data ss:Type="String">Legacy from Crysis 3</Data></Cell>
   </Row>
   <Row ss:AutoFitHeight="0">
    <Cell ss:StyleID="s69"/>
    <Cell ss:StyleID="s70"><Data ss:Type="String">ui_menu_lobby_error_7</Data></Cell>
    <Cell ss:StyleID="s70"><Data ss:Type="String">Out of session user data</Data></Cell>
    <Cell ss:StyleID="s74"><Data ss:Type="String">Out of session user data</Data></Cell>
    <Cell ss:StyleID="s70"><Data ss:Type="String">Legacy from Crysis 3</Data></Cell>
   </Row>
   <Row ss:AutoFitHeight="0">
    <Cell ss:StyleID="s69"/>
    <Cell ss:StyleID="s70"><Data ss:Type="String">ui_menu_lobby_error_8</Data></Cell>
    <Cell ss:StyleID="s70"><Data ss:Type="String">User data not registered</Data></Cell>
    <Cell ss:StyleID="s74"><Data ss:Type="String">User data not registered</Data></Cell>
    <Cell ss:StyleID="s70"><Data ss:Type="String">Legacy from Crysis 3</Data></Cell>
   </Row>
   <Row ss:AutoFitHeight="0">
    <Cell ss:StyleID="s69"/>
    <Cell ss:StyleID="s70"><Data ss:Type="String">ui_menu_lobby_error_9</Data></Cell>
    <Cell ss:StyleID="s70"><Data ss:Type="String">User data type mismatch</Data></Cell>
    <Cell ss:StyleID="s74"><Data ss:Type="String">User data type mismatch</Data></Cell>
    <Cell ss:StyleID="s70"><Data ss:Type="String">Legacy from Crysis 3</Data></Cell>
   </Row>
   <Row ss:AutoFitHeight="0">
    <Cell ss:StyleID="s69"/>
    <Cell ss:StyleID="s70"><Data ss:Type="String">ui_menu_lobby_error_10</Data></Cell>
    <Cell ss:StyleID="s70"><Data ss:Type="String">Too many sessions</Data></Cell>
    <Cell ss:StyleID="s74"><Data ss:Type="String">Too many sessions</Data></Cell>
    <Cell ss:StyleID="s70"><Data ss:Type="String">Legacy from Crysis 3</Data></Cell>
   </Row>
   <Row ss:AutoFitHeight="0">
    <Cell ss:StyleID="s69"/>
    <Cell ss:StyleID="s70"><Data ss:Type="String">ui_menu_lobby_error_11</Data></Cell>
    <Cell ss:StyleID="s70"><Data ss:Type="String">Session has ended</Data></Cell>
    <Cell ss:StyleID="s74"><Data ss:Type="String">Session has ended</Data></Cell>
    <Cell ss:StyleID="s70"><Data ss:Type="String">Legacy from Crysis 3</Data></Cell>
   </Row>
   <Row ss:AutoFitHeight="0">
    <Cell ss:StyleID="s69"/>
    <Cell ss:StyleID="s70"><Data ss:Type="String">ui_menu_lobby_error_12</Data></Cell>
    <Cell ss:StyleID="s70"><Data ss:Type="String">Invalid request</Data></Cell>
    <Cell ss:StyleID="s74"><Data ss:Type="String">Invalid request</Data></Cell>
    <Cell ss:StyleID="s70"><Data ss:Type="String">Legacy from Crysis 3</Data></Cell>
   </Row>
   <Row ss:AutoFitHeight="0">
    <Cell ss:StyleID="s69"/>
    <Cell ss:StyleID="s70"><Data ss:Type="String">ui_menu_lobby_error_13</Data></Cell>
    <Cell ss:StyleID="s70"><Data ss:Type="String">SPA file out-of-date</Data></Cell>
    <Cell ss:StyleID="s74"><Data ss:Type="String">SPA file out-of-date</Data></Cell>
    <Cell ss:StyleID="s70"><Data ss:Type="String">Legacy from Crysis 3</Data></Cell>
   </Row>
   <Row ss:AutoFitHeight="0">
    <Cell ss:StyleID="s69"/>
    <Cell ss:StyleID="s70"><Data ss:Type="String">ui_menu_lobby_error_14</Data></Cell>
    <Cell ss:StyleID="s70"><Data ss:Type="String">Connection to session lost or cannot be established. Session may no longer exist</Data></Cell>
    <Cell ss:StyleID="s74"><Data ss:Type="String">Connection to session lost or cannot be established. Session may no longer exist</Data></Cell>
    <Cell ss:StyleID="s70"><Data ss:Type="String">Legacy from Crysis 3</Data></Cell>
   </Row>
   <Row ss:AutoFitHeight="0">
    <Cell ss:StyleID="s69"/>
    <Cell ss:StyleID="s70"><Data ss:Type="String">ui_menu_lobby_error_15</Data></Cell>
    <Cell ss:StyleID="s70"><Data ss:Type="String">Unable to connect to host</Data></Cell>
    <Cell ss:StyleID="s74"><Data ss:Type="String">Unable to connect to host</Data></Cell>
    <Cell ss:StyleID="s70"><Data ss:Type="String">Legacy from Crysis 3</Data></Cell>
   </Row>
   <Row ss:AutoFitHeight="0">
    <Cell ss:StyleID="s69"/>
    <Cell ss:StyleID="s70"><Data ss:Type="String">ui_menu_lobby_error_16</Data></Cell>
    <Cell ss:StyleID="s70"><Data ss:Type="String">Session is in the wrong state</Data></Cell>
    <Cell ss:StyleID="s74"><Data ss:Type="String">Session is in the wrong state</Data></Cell>
    <Cell ss:StyleID="s70"><Data ss:Type="String">Legacy from Crysis 3</Data></Cell>
   </Row>
   <Row ss:AutoFitHeight="0">
    <Cell ss:StyleID="s69"/>
    <Cell ss:StyleID="s70"><Data ss:Type="String">ui_menu_lobby_error_17</Data></Cell>
    <Cell ss:StyleID="s70"><Data ss:Type="String">User not signed in</Data></Cell>
    <Cell ss:StyleID="s74"><Data ss:Type="String">User not signed in</Data></Cell>
    <Cell ss:StyleID="s70"><Data ss:Type="String">Legacy from Crysis 3</Data></Cell>
   </Row>
   <Row ss:AutoFitHeight="0">
    <Cell ss:StyleID="s69"/>
    <Cell ss:StyleID="s70"><Data ss:Type="String">ui_menu_lobby_error_18</Data></Cell>
    <Cell ss:StyleID="s70"><Data ss:Type="String">Invalid parameter</Data></Cell>
    <Cell ss:StyleID="s74"><Data ss:Type="String">Invalid parameter</Data></Cell>
    <Cell ss:StyleID="s70"><Data ss:Type="String">Legacy from Crysis 3</Data></Cell>
   </Row>
   <Row ss:AutoFitHeight="0">
    <Cell ss:StyleID="s69"/>
    <Cell ss:StyleID="s70"><Data ss:Type="String">ui_menu_lobby_error_19</Data></Cell>
    <Cell ss:StyleID="s70"><Data ss:Type="String">Timeout</Data></Cell>
    <Cell ss:StyleID="s74"><Data ss:Type="String">Timeout</Data></Cell>
    <Cell ss:StyleID="s70"><Data ss:Type="String">Legacy from Crysis 3</Data></Cell>
   </Row>
   <Row ss:AutoFitHeight="0">
    <Cell ss:StyleID="s69"/>
    <Cell ss:StyleID="s70"><Data ss:Type="String">ui_menu_lobby_error_20</Data></Cell>
    <Cell ss:StyleID="s70"><Data ss:Type="String">Insufficient privileges</Data></Cell>
    <Cell ss:StyleID="s74"><Data ss:Type="String">Insufficient privileges</Data></Cell>
    <Cell ss:StyleID="s70"><Data ss:Type="String">Legacy from Crysis 3</Data></Cell>
   </Row>
   <Row ss:AutoFitHeight="0">
    <Cell ss:StyleID="s69"/>
    <Cell ss:StyleID="s70"><Data ss:Type="String">ui_menu_lobby_error_21</Data></Cell>
    <Cell ss:StyleID="s70"><Data ss:Type="String">Already in session</Data></Cell>
    <Cell ss:StyleID="s74"><Data ss:Type="String">Already in session</Data></Cell>
    <Cell ss:StyleID="s70"><Data ss:Type="String">Legacy from Crysis 3</Data></Cell>
   </Row>
   <Row ss:AutoFitHeight="0">
    <Cell ss:StyleID="s69"/>
    <Cell ss:StyleID="s70"><Data ss:Type="String">ui_menu_lobby_error_22</Data></Cell>
    <Cell ss:StyleID="s70"><Data ss:Type="String">Leaderboard not registered</Data></Cell>
    <Cell ss:StyleID="s74"><Data ss:Type="String">Leaderboard not registered</Data></Cell>
    <Cell ss:StyleID="s70"><Data ss:Type="String">Legacy from Crysis 3</Data></Cell>
   </Row>
   <Row ss:AutoFitHeight="0">
    <Cell ss:StyleID="s69"/>
    <Cell ss:StyleID="s70"><Data ss:Type="String">ui_menu_lobby_error_23</Data></Cell>
    <Cell ss:StyleID="s70"><Data ss:Type="String">This game session no longer exists</Data></Cell>
    <Cell ss:StyleID="s74"><Data ss:Type="String">This game session no longer exists</Data></Cell>
    <Cell ss:StyleID="s70"><Data ss:Type="String">Legacy from Crysis 3</Data></Cell>
   </Row>
   <Row ss:AutoFitHeight="0">
    <Cell ss:StyleID="s69"/>
    <Cell ss:StyleID="s70"><Data ss:Type="String">ui_menu_lobby_error_24</Data></Cell>
    <Cell ss:StyleID="s70"><Data ss:Type="String">Out of user data</Data></Cell>
    <Cell ss:StyleID="s74"><Data ss:Type="String">Out of user data</Data></Cell>
    <Cell ss:StyleID="s70"><Data ss:Type="String">Legacy from Crysis 3</Data></Cell>
   </Row>
   <Row ss:AutoFitHeight="0">
    <Cell ss:StyleID="s69"/>
    <Cell ss:StyleID="s70"><Data ss:Type="String">ui_menu_lobby_error_25</Data></Cell>
    <Cell ss:StyleID="s70"><Data ss:Type="String">No user data registered</Data></Cell>
    <Cell ss:StyleID="s74"><Data ss:Type="String">No user data registered</Data></Cell>
    <Cell ss:StyleID="s70"><Data ss:Type="String">Legacy from Crysis 3</Data></Cell>
   </Row>
   <Row ss:AutoFitHeight="0">
    <Cell ss:StyleID="s69"/>
    <Cell ss:StyleID="s70"><Data ss:Type="String">ui_menu_lobby_error_26</Data></Cell>
    <Cell ss:StyleID="s70"><Data ss:Type="String">Read data not written</Data></Cell>
    <Cell ss:StyleID="s74"><Data ss:Type="String">Read data not written</Data></Cell>
    <Cell ss:StyleID="s70"><Data ss:Type="String">Legacy from Crysis 3</Data></Cell>
   </Row>
   <Row ss:AutoFitHeight="0">
    <Cell ss:StyleID="s69"/>
    <Cell ss:StyleID="s70"><Data ss:Type="String">ui_menu_lobby_error_27</Data></Cell>
    <Cell ss:StyleID="s70"><Data ss:Type="String">User data mismatch</Data></Cell>
    <Cell ss:StyleID="s74"><Data ss:Type="String">User data mismatch</Data></Cell>
    <Cell ss:StyleID="s70"><Data ss:Type="String">Legacy from Crysis 3</Data></Cell>
   </Row>
   <Row ss:AutoFitHeight="0">
    <Cell ss:StyleID="s69"/>
    <Cell ss:StyleID="s70"><Data ss:Type="String">ui_menu_lobby_error_28</Data></Cell>
    <Cell ss:StyleID="s70"><Data ss:Type="String">Invalid user</Data></Cell>
    <Cell ss:StyleID="s74"><Data ss:Type="String">Invalid user</Data></Cell>
    <Cell ss:StyleID="s70"><Data ss:Type="String">Legacy from Crysis 3</Data></Cell>
   </Row>
   <Row ss:AutoFitHeight="0">
    <Cell ss:StyleID="s69"/>
    <Cell ss:StyleID="s70"><Data ss:Type="String">ui_menu_lobby_error_29</Data></Cell>
    <Cell ss:StyleID="s70"><Data ss:Type="String">PlayStation®Network context error</Data></Cell>
    <Cell ss:StyleID="s74"><Data ss:Type="String">PlayStation®Network context error</Data></Cell>
    <Cell ss:StyleID="s70"><Data ss:Type="String">Legacy from Crysis 3</Data></Cell>
   </Row>
   <Row ss:AutoFitHeight="0">
    <Cell ss:StyleID="s69"/>
    <Cell ss:StyleID="s70"><Data ss:Type="String">ui_menu_lobby_error_30</Data></Cell>
    <Cell ss:StyleID="s70"><Data ss:Type="String">PlayStation®Network wrong support state</Data></Cell>
    <Cell ss:StyleID="s74"><Data ss:Type="String">PlayStation®Network wrong support state</Data></Cell>
    <Cell ss:StyleID="s70"><Data ss:Type="String">Legacy from Crysis 3</Data></Cell>
   </Row>
   <Row ss:AutoFitHeight="0">
    <Cell ss:StyleID="s69"/>
    <Cell ss:StyleID="s70"><Data ss:Type="String">ui_menu_lobby_error_31</Data></Cell>
    <Cell ss:StyleID="s70"><Data ss:Type="String">PlayStation®Network signaling error</Data></Cell>
    <Cell ss:StyleID="s74"><Data ss:Type="String">PlayStation®Network signaling error</Data></Cell>
    <Cell ss:StyleID="s70"><Data ss:Type="String">Legacy from Crysis 3</Data></Cell>
   </Row>
   <Row ss:AutoFitHeight="0">
    <Cell ss:StyleID="s69"/>
    <Cell ss:StyleID="s70"><Data ss:Type="String">ui_menu_lobby_error_32</Data></Cell>
    <Cell ss:StyleID="s70"><Data ss:Type="String">PlayStation®Network no rooms</Data></Cell>
    <Cell ss:StyleID="s74"><Data ss:Type="String">PlayStation®Network no rooms</Data></Cell>
    <Cell ss:StyleID="s70"><Data ss:Type="String">Legacy from Crysis 3</Data></Cell>
   </Row>
   <Row ss:AutoFitHeight="0">
    <Cell ss:StyleID="s69"/>
    <Cell ss:StyleID="s70"><Data ss:Type="String">ui_menu_lobby_error_33</Data></Cell>
    <Cell ss:StyleID="s70"><Data ss:Type="String">World not defined</Data></Cell>
    <Cell ss:StyleID="s74"><Data ss:Type="String">World not defined</Data></Cell>
    <Cell ss:StyleID="s70"><Data ss:Type="String">Legacy from Crysis 3</Data></Cell>
   </Row>
   <Row ss:AutoFitHeight="0">
    <Cell ss:StyleID="s69"/>
    <Cell ss:StyleID="s70"><Data ss:Type="String">ui_menu_lobby_error_34</Data></Cell>
    <Cell ss:StyleID="s70"><Data ss:Type="String">System is busy</Data></Cell>
    <Cell ss:StyleID="s74"><Data ss:Type="String">System is busy</Data></Cell>
    <Cell ss:StyleID="s70"><Data ss:Type="String">Legacy from Crysis 3</Data></Cell>
   </Row>
   <Row ss:AutoFitHeight="0">
    <Cell ss:StyleID="s69"/>
    <Cell ss:StyleID="s70"><Data ss:Type="String">ui_menu_lobby_error_35</Data></Cell>
    <Cell ss:StyleID="s70"><Data ss:Type="String">Too many parameters</Data></Cell>
    <Cell ss:StyleID="s74"><Data ss:Type="String">Too many parameters</Data></Cell>
    <Cell ss:StyleID="s70"><Data ss:Type="String">Legacy from Crysis 3</Data></Cell>
   </Row>
   <Row ss:AutoFitHeight="0">
    <Cell ss:StyleID="s69"/>
    <Cell ss:StyleID="s70"><Data ss:Type="String">ui_menu_lobby_error_36</Data></Cell>
    <Cell ss:StyleID="s70"><Data ss:Type="String">Not enough parameters</Data></Cell>
    <Cell ss:StyleID="s74"><Data ss:Type="String">Not enough parameters</Data></Cell>
    <Cell ss:StyleID="s70"><Data ss:Type="String">Legacy from Crysis 3</Data></Cell>
   </Row>
   <Row ss:AutoFitHeight="0">
    <Cell ss:StyleID="s69"/>
    <Cell ss:StyleID="s70"><Data ss:Type="String">ui_menu_lobby_error_37</Data></Cell>
    <Cell ss:StyleID="s70"><Data ss:Type="String">Duplicate parameters</Data></Cell>
    <Cell ss:StyleID="s74"><Data ss:Type="String">Duplicate parameters</Data></Cell>
    <Cell ss:StyleID="s70"><Data ss:Type="String">Legacy from Crysis 3</Data></Cell>
   </Row>
   <Row ss:AutoFitHeight="0">
    <Cell ss:StyleID="s69"/>
    <Cell ss:StyleID="s70"><Data ss:Type="String">ui_menu_lobby_error_38</Data></Cell>
    <Cell ss:StyleID="s70"><Data ss:Type="String">Exceeded read-write limits</Data></Cell>
    <Cell ss:StyleID="s74"><Data ss:Type="String">Exceeded read-write limits</Data></Cell>
    <Cell ss:StyleID="s70"><Data ss:Type="String">Legacy from Crysis 3</Data></Cell>
   </Row>
   <Row ss:AutoFitHeight="0">
    <Cell ss:StyleID="s69"/>
    <Cell ss:StyleID="s70"><Data ss:Type="String">ui_menu_lobby_error_39</Data></Cell>
    <Cell ss:StyleID="s70"><Data ss:Type="String">Invalid title id</Data></Cell>
    <Cell ss:StyleID="s74"><Data ss:Type="String">Invalid title id</Data></Cell>
    <Cell ss:StyleID="s70"><Data ss:Type="String">Legacy from Crysis 3</Data></Cell>
   </Row>
   <Row ss:AutoFitHeight="0">
    <Cell ss:StyleID="s69"/>
    <Cell ss:StyleID="s70"><Data ss:Type="String">ui_menu_lobby_error_40</Data></Cell>
    <Cell ss:StyleID="s70"><Data ss:Type="String">Illegal session join</Data></Cell>
    <Cell ss:StyleID="s74"><Data ss:Type="String">Illegal session join</Data></Cell>
    <Cell ss:StyleID="s70"><Data ss:Type="String">Legacy from Crysis 3</Data></Cell>
   </Row>
   <Row ss:AutoFitHeight="0">
    <Cell ss:StyleID="s69"/>
    <Cell ss:StyleID="s70"><Data ss:Type="String">ui_menu_lobby_error_41</Data></Cell>
    <Cell ss:StyleID="s70"><Data ss:Type="String">Not joined</Data></Cell>
    <Cell ss:StyleID="s74"><Data ss:Type="String">Not joined</Data></Cell>
    <Cell ss:StyleID="s70"><Data ss:Type="String">Legacy from Crysis 3</Data></Cell>
   </Row>
   <Row ss:AutoFitHeight="0">
    <Cell ss:StyleID="s69"/>
    <Cell ss:StyleID="s70"><Data ss:Type="String">ui_menu_lobby_error_42</Data></Cell>
    <Cell ss:StyleID="s70"><Data ss:Type="String">Join in progress</Data></Cell>
    <Cell ss:StyleID="s74"><Data ss:Type="String">Join in progress</Data></Cell>
    <Cell ss:StyleID="s70"><Data ss:Type="String">Legacy from Crysis 3</Data></Cell>
   </Row>
   <Row ss:AutoFitHeight="0">
    <Cell ss:StyleID="s69"/>
    <Cell ss:StyleID="s70"><Data ss:Type="String">ui_menu_lobby_error_43</Data></Cell>
    <Cell ss:StyleID="s70"><Data ss:Type="String">Already joined</Data></Cell>
    <Cell ss:StyleID="s74"><Data ss:Type="String">Already joined</Data></Cell>
    <Cell ss:StyleID="s70"><Data ss:Type="String">Legacy from Crysis 3</Data></Cell>
   </Row>
   <Row ss:AutoFitHeight="0">
    <Cell ss:StyleID="s69"/>
    <Cell ss:StyleID="s70"><Data ss:Type="String">ui_menu_lobby_error_44</Data></Cell>
    <Cell ss:StyleID="s70"><Data ss:Type="String">Internet connection is disabled</Data></Cell>
    <Cell ss:StyleID="s74"><Data ss:Type="String">Internet connection is disabled</Data></Cell>
    <Cell ss:StyleID="s70"><Data ss:Type="String">Legacy from Crysis 3</Data></Cell>
   </Row>
   <Row ss:AutoFitHeight="0">
    <Cell ss:StyleID="s69"/>
    <Cell ss:StyleID="s70"><Data ss:Type="String">ui_menu_lobby_error_45</Data></Cell>
    <Cell ss:StyleID="s70"><Data ss:Type="String">Not using an online enabled account</Data></Cell>
    <Cell ss:StyleID="s74"><Data ss:Type="String">Not using an online enabled account</Data></Cell>
    <Cell ss:StyleID="s70"><Data ss:Type="String">Legacy from Crysis 3</Data></Cell>
   </Row>
   <Row ss:AutoFitHeight="0">
    <Cell ss:StyleID="s69"/>
    <Cell ss:StyleID="s70"><Data ss:Type="String">ui_menu_lobby_error_46</Data></Cell>
    <Cell ss:StyleID="s70"><Data ss:Type="String">Not connected</Data></Cell>
    <Cell ss:StyleID="s74"><Data ss:Type="String">Not connected</Data></Cell>
    <Cell ss:StyleID="s70"><Data ss:Type="String">Legacy from Crysis 3</Data></Cell>
   </Row>
   <Row ss:AutoFitHeight="0">
    <Cell ss:StyleID="s69"/>
    <Cell ss:StyleID="s70"><Data ss:Type="String">ui_menu_lobby_error_47</Data></Cell>
    <Cell ss:StyleID="s70"><Data ss:Type="String">Object not connected</Data></Cell>
    <Cell ss:StyleID="s74"><Data ss:Type="String">Object not connected</Data></Cell>
    <Cell ss:StyleID="s70"><Data ss:Type="String">Legacy from Crysis 3</Data></Cell>
   </Row>
   <Row ss:AutoFitHeight="0">
    <Cell ss:StyleID="s69"/>
    <Cell ss:StyleID="s70"><Data ss:Type="String">ui_menu_lobby_error_48</Data></Cell>
    <Cell ss:StyleID="s70"><Data ss:Type="String">Cycling for invite</Data></Cell>
    <Cell ss:StyleID="s74"><Data ss:Type="String">Cycling for invite</Data></Cell>
    <Cell ss:StyleID="s70"><Data ss:Type="String">Legacy from Crysis 3</Data></Cell>
   </Row>
   <Row ss:AutoFitHeight="0">
    <Cell ss:StyleID="s69"/>
    <Cell ss:StyleID="s70"><Data ss:Type="String">ui_menu_lobby_error_49</Data></Cell>
    <Cell ss:StyleID="s70"><Data ss:Type="String">Unhandled nickname error</Data></Cell>
    <Cell ss:StyleID="s74"><Data ss:Type="String">Unhandled nickname error</Data></Cell>
    <Cell ss:StyleID="s70"><Data ss:Type="String">Legacy from Crysis 3</Data></Cell>
   </Row>
   <Row ss:AutoFitHeight="0">
    <Cell ss:StyleID="s69"/>
    <Cell ss:StyleID="s70"><Data ss:Type="String">ui_menu_lobby_error_50</Data></Cell>
    <Cell ss:StyleID="s70"><Data ss:Type="String">Invalid login credentials</Data></Cell>
    <Cell ss:StyleID="s74"><Data ss:Type="String">Invalid login credentials</Data></Cell>
    <Cell ss:StyleID="s70"><Data ss:Type="String">Legacy from Crysis 3</Data></Cell>
   </Row>
   <Row ss:AutoFitHeight="0">
    <Cell ss:StyleID="s69"/>
    <Cell ss:StyleID="s70"><Data ss:Type="String">ui_menu_lobby_error_51</Data></Cell>
    <Cell ss:StyleID="s70"><Data ss:Type="String">Server unreachable</Data></Cell>
    <Cell ss:StyleID="s74"><Data ss:Type="String">Server unreachable</Data></Cell>
    <Cell ss:StyleID="s70"><Data ss:Type="String">Legacy from Crysis 3</Data></Cell>
   </Row>
   <Row ss:AutoFitHeight="0">
    <Cell ss:StyleID="s69"/>
    <Cell ss:StyleID="s70"><Data ss:Type="String">ui_menu_lobby_error_52</Data></Cell>
    <Cell ss:StyleID="s70"><Data ss:Type="String">GP parameter error</Data></Cell>
    <Cell ss:StyleID="s74"><Data ss:Type="String">GP parameter error</Data></Cell>
    <Cell ss:StyleID="s70"><Data ss:Type="String">Legacy from Crysis 3</Data></Cell>
   </Row>
   <Row ss:AutoFitHeight="0">
    <Cell ss:StyleID="s69"/>
    <Cell ss:StyleID="s70"><Data ss:Type="String">ui_menu_lobby_error_53</Data></Cell>
    <Cell ss:StyleID="s70"><Data ss:Type="String">GP network error</Data></Cell>
    <Cell ss:StyleID="s74"><Data ss:Type="String">GP network error</Data></Cell>
    <Cell ss:StyleID="s70"><Data ss:Type="String">Legacy from Crysis 3</Data></Cell>
   </Row>
   <Row ss:AutoFitHeight="0">
    <Cell ss:StyleID="s69"/>
    <Cell ss:StyleID="s70"><Data ss:Type="String">ui_menu_lobby_error_54</Data></Cell>
    <Cell ss:StyleID="s70"><Data ss:Type="String">Cable not connected</Data></Cell>
    <Cell ss:StyleID="s74"><Data ss:Type="String">Cable not connected</Data></Cell>
    <Cell ss:StyleID="s70"><Data ss:Type="String">Legacy from Crysis 3</Data></Cell>
   </Row>
   <Row ss:AutoFitHeight="0">
    <Cell ss:StyleID="s69"/>
    <Cell ss:StyleID="s70"><Data ss:Type="String">ui_menu_lobby_error_55</Data></Cell>
    <Cell ss:StyleID="s70"><Data ss:Type="String">Session not migratable</Data></Cell>
    <Cell ss:StyleID="s74"><Data ss:Type="String">Session not migratable</Data></Cell>
    <Cell ss:StyleID="s70"><Data ss:Type="String">Legacy from Crysis 3</Data></Cell>
   </Row>
   <Row ss:AutoFitHeight="0">
    <Cell ss:StyleID="s69"/>
    <Cell ss:StyleID="s70"><Data ss:Type="String">ui_menu_lobby_error_56</Data></Cell>
    <Cell ss:StyleID="s70"><Data ss:Type="String">Success! Invalid Session</Data></Cell>
    <Cell ss:StyleID="s74"><Data ss:Type="String">Success! Invalid Session</Data></Cell>
    <Cell ss:StyleID="s70"><Data ss:Type="String">Legacy from Crysis 3</Data></Cell>
   </Row>
   <Row ss:AutoFitHeight="0">
    <Cell ss:StyleID="s69"/>
    <Cell ss:StyleID="s70"><Data ss:Type="String">ui_menu_lobby_error_57</Data></Cell>
    <Cell ss:StyleID="s70"><Data ss:Type="String">Session is no longer available</Data></Cell>
    <Cell ss:StyleID="s74"><Data ss:Type="String">Session is no longer available</Data></Cell>
    <Cell ss:StyleID="s70"><Data ss:Type="String">Legacy from Crysis 3</Data></Cell>
   </Row>
   <Row ss:AutoFitHeight="0">
    <Cell ss:StyleID="s69"/>
    <Cell ss:StyleID="s70"><Data ss:Type="String">ui_menu_lobby_error_58</Data></Cell>
    <Cell ss:StyleID="s70"><Data ss:Type="String">PlayStation®Network is currently unavailable</Data></Cell>
    <Cell ss:StyleID="s74"><Data ss:Type="String">PlayStation®Network is currently unavailable</Data></Cell>
    <Cell ss:StyleID="s70"><Data ss:Type="String">Legacy from Crysis 3</Data></Cell>
   </Row>
   <Row ss:AutoFitHeight="0">
    <Cell ss:StyleID="s69"/>
    <Cell ss:StyleID="s70"><Data ss:Type="String">ui_menu_lobby_error_59</Data></Cell>
    <Cell ss:StyleID="s70"><Data ss:Type="String">Too many orders</Data></Cell>
    <Cell ss:StyleID="s74"><Data ss:Type="String">Too many orders</Data></Cell>
    <Cell ss:StyleID="s70"><Data ss:Type="String">Legacy from Crysis 3</Data></Cell>
   </Row>
   <Row ss:AutoFitHeight="0">
    <Cell ss:StyleID="s69"/>
    <Cell ss:StyleID="s70"><Data ss:Type="String">ui_menu_lobby_error_60</Data></Cell>
    <Cell ss:StyleID="s70"><Data ss:Type="String">Invalid order</Data></Cell>
    <Cell ss:StyleID="s74"><Data ss:Type="String">Invalid order</Data></Cell>
    <Cell ss:StyleID="s70"><Data ss:Type="String">Legacy from Crysis 3</Data></Cell>
   </Row>
   <Row ss:AutoFitHeight="0">
    <Cell ss:StyleID="s69"/>
    <Cell ss:StyleID="s70"><Data ss:Type="String">ui_menu_lobby_error_61</Data></Cell>
    <Cell ss:StyleID="s70"><Data ss:Type="String">Order in use</Data></Cell>
    <Cell ss:StyleID="s74"><Data ss:Type="String">Order in use</Data></Cell>
    <Cell ss:StyleID="s70"><Data ss:Type="String">Legacy from Crysis 3</Data></Cell>
   </Row>
   <Row ss:AutoFitHeight="0">
    <Cell ss:StyleID="s69"/>
    <Cell ss:StyleID="s70"><Data ss:Type="String">ui_menu_lobby_error_62</Data></Cell>
    <Cell ss:StyleID="s70"><Data ss:Type="String">Online account blocked</Data></Cell>
    <Cell ss:StyleID="s74"><Data ss:Type="String">Online account blocked</Data></Cell>
    <Cell ss:StyleID="s70"><Data ss:Type="String">Legacy from Crysis 3</Data></Cell>
   </Row>
   <Row ss:AutoFitHeight="0">
    <Cell ss:StyleID="s69"/>
    <Cell ss:StyleID="s70"><Data ss:Type="String">ui_menu_lobby_error_63</Data></Cell>
    <Cell ss:StyleID="s70"><Data ss:Type="String">Online service is disabled on your Sony Entertainment Network account due to parental control restrictions</Data></Cell>
    <Cell ss:StyleID="s74"><Data ss:Type="String">Online service is disabled on your Sony Entertainment Network account due to parental control restrictions</Data></Cell>
    <Cell ss:StyleID="s70"><Data ss:Type="String">Legacy from Crysis 3</Data></Cell>
   </Row>
   <Row ss:AutoFitHeight="0">
    <Cell ss:StyleID="s69"/>
    <Cell ss:StyleID="s70"><Data ss:Type="String">ui_menu_lobby_error_64</Data></Cell>
    <Cell ss:StyleID="s70"><Data ss:Type="String">Online user data is corrupt</Data></Cell>
    <Cell ss:StyleID="s74"><Data ss:Type="String">Online user data is corrupt</Data></Cell>
    <Cell ss:StyleID="s70"><Data ss:Type="String">Legacy from Crysis 3</Data></Cell>
   </Row>
   <Row ss:AutoFitHeight="0">
    <Cell ss:StyleID="s69"/>
    <Cell ss:StyleID="s70"><Data ss:Type="String">ui_menu_lobby_error_65</Data></Cell>
    <Cell ss:StyleID="s70"><Data ss:Type="String">Password incorrect</Data></Cell>
    <Cell ss:StyleID="s74"><Data ss:Type="String">Password incorrect</Data></Cell>
    <Cell ss:StyleID="s70"><Data ss:Type="String">Legacy from Crysis 3</Data></Cell>
   </Row>
   <Row ss:AutoFitHeight="0">
    <Cell ss:StyleID="s69"/>
    <Cell ss:StyleID="s70"><Data ss:Type="String">ui_menu_lobby_error_66</Data></Cell>
    <Cell ss:StyleID="s70"><Data ss:Type="String">Invalid invite data</Data></Cell>
    <Cell ss:StyleID="s74"><Data ss:Type="String">Invalid invite data</Data></Cell>
    <Cell ss:StyleID="s70"><Data ss:Type="String">Legacy from Crysis 3</Data></Cell>
   </Row>
   <Row ss:AutoFitHeight="0">
    <Cell ss:StyleID="s69"/>
    <Cell ss:StyleID="s70"><Data ss:Type="String">ui_menu_lobby_error_67</Data></Cell>
    <Cell ss:StyleID="s70"><Data ss:Type="String">Invalid join data</Data></Cell>
    <Cell ss:StyleID="s74"><Data ss:Type="String">Invalid join data</Data></Cell>
    <Cell ss:StyleID="s70"><Data ss:Type="String">Legacy from Crysis 3</Data></Cell>
   </Row>
   <Row ss:AutoFitHeight="0">
    <Cell ss:StyleID="s69"/>
    <Cell ss:StyleID="s70"><Data ss:Type="String">ui_menu_lobby_error_79</Data></Cell>
    <Cell ss:StyleID="s70"><Data ss:Type="String">Internal Error</Data></Cell>
    <Cell ss:StyleID="s74"><Data ss:Type="String">Internal Error</Data></Cell>
    <Cell ss:StyleID="s70"><Data ss:Type="String">Legacy from Crysis 3</Data></Cell>
   </Row>
   <Row ss:AutoFitHeight="0">
    <Cell ss:StyleID="s69"/>
    <Cell ss:StyleID="s70"><Data ss:Type="String">ID_SYS_THOUSAND_SEPARATOR</Data></Cell>
    <Cell ss:StyleID="s70"><Data ss:Type="String">,</Data></Cell>
    <Cell ss:StyleID="s74"><Data ss:Type="String">,</Data></Cell>
   </Row>
   <Row ss:AutoFitHeight="0">
    <Cell ss:StyleID="s69"/>
    <Cell ss:StyleID="s70"><Data ss:Type="String">ID_SYS_DECIMAL_SEPARATOR</Data></Cell>
    <Cell ss:StyleID="s71"><Data ss:Type="String">.</Data></Cell>
    <Cell ss:StyleID="s75"><Data ss:Type="String">.</Data></Cell>
   </Row>
   <Row ss:AutoFitHeight="0">
    <Cell ss:StyleID="s69"/>
    <Cell ss:StyleID="s70"><Data ss:Type="String">ID_SYS_DAY</Data></Cell>
    <Cell ss:StyleID="s71"><Data ss:Type="String">d</Data></Cell>
    <Cell ss:StyleID="s75"><Data ss:Type="String">d</Data></Cell>
   </Row>
   <Row ss:AutoFitHeight="0">
    <Cell ss:StyleID="s69"/>
    <Cell ss:StyleID="s70"><Data ss:Type="String">ID_SYS_DAYS</Data></Cell>
    <Cell ss:StyleID="s71"><Data ss:Type="String">d</Data></Cell>
    <Cell ss:StyleID="s75"><Data ss:Type="String">d</Data></Cell>
   </Row>
   <Row ss:AutoFitHeight="0">
    <Cell ss:StyleID="s69"/>
    <Cell ss:StyleID="s70"><Data ss:Type="String">ID_SYS_HR</Data></Cell>
    <Cell ss:StyleID="s71"><Data ss:Type="String">h</Data></Cell>
    <Cell ss:StyleID="s75"><Data ss:Type="String">h</Data></Cell>
   </Row>
   <Row ss:AutoFitHeight="0">
    <Cell ss:StyleID="s69"/>
    <Cell ss:StyleID="s70"><Data ss:Type="String">ID_SYS_HRS</Data></Cell>
    <Cell ss:StyleID="s70"><Data ss:Type="String">h</Data></Cell>
    <Cell ss:StyleID="s74"><Data ss:Type="String">h</Data></Cell>
   </Row>
   <Row ss:AutoFitHeight="0">
    <Cell ss:StyleID="s69"/>
    <Cell ss:StyleID="s70"><Data ss:Type="String">ID_SYS_MIN</Data></Cell>
    <Cell ss:StyleID="s71"><Data ss:Type="String">m</Data></Cell>
    <Cell ss:StyleID="s75"><Data ss:Type="String">m</Data></Cell>
   </Row>
   <Row ss:AutoFitHeight="0">
    <Cell ss:StyleID="s69"/>
    <Cell ss:StyleID="s70"><Data ss:Type="String">ID_SYS_MINS</Data></Cell>
    <Cell ss:StyleID="s71"><Data ss:Type="String">m</Data></Cell>
    <Cell ss:StyleID="s75"><Data ss:Type="String">m</Data></Cell>
   </Row>
   <Row ss:AutoFitHeight="0">
    <Cell ss:Index="2" ss:StyleID="s70"><Data ss:Type="String">ID_SYS_SEC</Data></Cell>
    <Cell ss:StyleID="s71"><Data ss:Type="String">s</Data></Cell>
    <Cell ss:StyleID="s75"><Data ss:Type="String">s</Data></Cell>
   </Row>
   <Row ss:AutoFitHeight="0">
    <Cell ss:Index="2" ss:StyleID="s70"><Data ss:Type="String">ID_SYS_SECS</Data></Cell>
    <Cell ss:StyleID="s71"><Data ss:Type="String">s</Data></Cell>
    <Cell ss:StyleID="s75"><Data ss:Type="String">s</Data></Cell>
   </Row>
   <Row ss:AutoFitHeight="0">
    <Cell ss:Index="2" ss:StyleID="s70"><Data ss:Type="String">ID_SYS_MP_DAYS</Data></Cell>
    <Cell ss:StyleID="s71"><Data ss:Type="String">days</Data></Cell>
    <Cell ss:StyleID="s75"><Data ss:Type="String">days</Data></Cell>
   </Row>
   <Row ss:AutoFitHeight="0">
    <Cell ss:Index="2" ss:StyleID="s70"><Data ss:Type="String">ID_SYS_MP_HRS</Data></Cell>
    <Cell ss:StyleID="s71"><Data ss:Type="String">hours</Data></Cell>
    <Cell ss:StyleID="s75"><Data ss:Type="String">hours</Data></Cell>
   </Row>
   <Row ss:AutoFitHeight="0">
    <Cell ss:Index="2" ss:StyleID="s70"><Data ss:Type="String">ID_SYS_MP_MINS</Data></Cell>
    <Cell ss:StyleID="s71"><Data ss:Type="String">mins</Data></Cell>
    <Cell ss:StyleID="s75"><Data ss:Type="String">mins</Data></Cell>
   </Row>
   <Row ss:AutoFitHeight="0">
    <Cell ss:Index="2" ss:StyleID="s70"><Data ss:Type="String">ID_SYS_MP_SEC</Data></Cell>
    <Cell ss:StyleID="s71"><Data ss:Type="String">secs</Data></Cell>
    <Cell ss:StyleID="s75"><Data ss:Type="String">secs</Data></Cell>
   </Row>
   <Row ss:Index="1915" ss:AutoFitHeight="0" ss:Height="13.5" ss:Span="9"/>
   <Row ss:Index="2197" ss:AutoFitHeight="0" ss:Height="15" ss:Span="1"/>
   <Row ss:Index="2206" ss:AutoFitHeight="0" ss:Height="13.5" ss:Span="1"/>
   <Row ss:Index="2208" ss:AutoFitHeight="0" ss:Height="15"/>
   <Row ss:AutoFitHeight="0" ss:Height="13.5"/>
   <Row ss:AutoFitHeight="0" ss:Height="15"/>
   <Row ss:AutoFitHeight="0" ss:Height="13.5" ss:Span="3"/>
   <Row ss:Index="2215" ss:AutoFitHeight="0" ss:Height="15"/>
   <Row ss:AutoFitHeight="0" ss:Height="13.5" ss:Span="1"/>
   <Row ss:Index="2218" ss:AutoFitHeight="0" ss:Height="15"/>
   <Row ss:AutoFitHeight="0" ss:Height="13.5" ss:Span="1"/>
   <Row ss:Index="2221" ss:AutoFitHeight="0" ss:Height="15" ss:Span="1"/>
   <Row ss:Index="2223" ss:AutoFitHeight="0" ss:Height="13.5" ss:Span="5"/>
   <Row ss:Index="2229" ss:AutoFitHeight="0" ss:Height="15"/>
   <Row ss:AutoFitHeight="0" ss:Height="13.5" ss:Span="1"/>
   <Row ss:Index="2232" ss:AutoFitHeight="0" ss:Height="15" ss:Span="1"/>
   <Row ss:Index="2234" ss:AutoFitHeight="0" ss:Height="13.5" ss:Span="8"/>
   <Row ss:Index="2243" ss:AutoFitHeight="0" ss:Height="15" ss:Span="13"/>
  </Table>
  <WorksheetOptions xmlns="urn:schemas-microsoft-com:office:excel">
   <PageSetup>
    <Layout x:Orientation="Landscape"/>
    <Header x:Margin="0.51180555555555596"
     x:Data="&amp;LTime restriction sample script"/>
    <Footer x:Margin="0.51180555555555596" x:Data="&amp;CPage &amp;P"/>
    <PageMargins x:Bottom="0.98402777777777795" x:Left="0" x:Right="0"
     x:Top="0.98402777777777795"/>
   </PageSetup>
   <Print>
    <ValidPrinterInfo/>
    <PaperSizeIndex>9</PaperSizeIndex>
    <Scale>70</Scale>
    <HorizontalResolution>600</HorizontalResolution>
    <VerticalResolution>600</VerticalResolution>
   </Print>
   <Selected/>
   <LeftColumnVisible>2</LeftColumnVisible>
   <Panes>
    <Pane>
     <Number>3</Number>
     <ActiveCol>3</ActiveCol>
     <RangeSelection>C4</RangeSelection>
    </Pane>
   </Panes>
   <ProtectObjects>False</ProtectObjects>
   <ProtectScenarios>False</ProtectScenarios>
  </WorksheetOptions>
  <ConditionalFormatting xmlns="urn:schemas-microsoft-com:office:excel">
   <Range>R19C2</Range>
   <Condition>
    <Value1>AND(COUNTIF(C2,RC)&gt;1,NOT(ISBLANK(RC)))</Value1>
    <Format Style='color:#993300;background:#FF8080'/>
   </Condition>
  </ConditionalFormatting>
 </Worksheet>
 <Worksheet ss:Name="Sheet2">
  <Table ss:ExpandedColumnCount="1" ss:ExpandedRowCount="1" x:FullColumns="1"
   x:FullRows="1">
   <Row ss:AutoFitHeight="0"/>
  </Table>
  <WorksheetOptions xmlns="urn:schemas-microsoft-com:office:excel">
   <PageSetup>
    <Header x:Margin="0.3"/>
    <Footer x:Margin="0.3"/>
    <PageMargins x:Bottom="0.75" x:Left="0.7" x:Right="0.7" x:Top="0.75"/>
   </PageSetup>
   <ProtectObjects>False</ProtectObjects>
   <ProtectScenarios>False</ProtectScenarios>
  </WorksheetOptions>
 </Worksheet>
</Workbook>
