<?xml version="1.0"?>
<?mso-application progid="Excel.Sheet"?>
<Workbook xmlns="urn:schemas-microsoft-com:office:spreadsheet"
 xmlns:o="urn:schemas-microsoft-com:office:office"
 xmlns:x="urn:schemas-microsoft-com:office:excel"
 xmlns:ss="urn:schemas-microsoft-com:office:spreadsheet"
 xmlns:html="http://www.w3.org/TR/REC-html40">
 <DocumentProperties xmlns="urn:schemas-microsoft-com:office:office">
  <Title>Audio script template</Title>
  <Author>Maëlenn Lumineau</Author>
  <LastAuthor>Steven Lewis</LastAuthor>
  <LastPrinted>2003-10-30T09:38:41Z</LastPrinted>
  <Created>2002-06-17T19:14:00Z</Created>
  <LastSaved>2011-01-31T18:16:12Z</LastSaved>
  <Company>Electronic Arts</Company>
  <Version>12.00</Version>
 </DocumentProperties>
 <ExcelWorkbook xmlns="urn:schemas-microsoft-com:office:excel">
  <SupBook>
   <Path>\DOCUME~1\jack\LOCALS~1\Temp\p4v\PC025 perforce 1666\data\Game02\Game\Languages\Copy of Dialog_Asset_List_Final_edit.xls</Path>
   <SheetName>DropDown</SheetName>
   <SheetName>Conversations</SheetName>
   <Xct>
    <Count>2</Count>
    <SheetIndex>0</SheetIndex>
    <Crn>
     <Row>6</Row>
     <ColFirst>0</ColFirst>
     <ColLast>4</ColLast>
     <Text>clean</Text>
     <Text>TV</Text>
     <Text>radio (disturbed) </Text>
     <Text>radio (low)</Text>
     <Text>radio (heavy)</Text>
    </Crn>
    <Crn>
     <Row>9</Row>
     <ColFirst>0</ColFirst>
     <ColLast>41</ColLast>
     <Text>Player</Text>
     <Text>Barnes</Text>
     <Text>Hawker</Text>
     <Text>Sykes</Text>
     <Text>Johnson</Text>
     <Text>Cortez</Text>
     <Text>Beck</Text>
     <Text>Miller</Text>
     <Text>Baxter</Text>
     <Text>American scientist</Text>
     <Text>Shark</Text>
     <Text>Chia</Text>
     <Text>Kirovski</Text>
     <Text>Michaels</Text>
     <Text>Chang</Text>
     <Text>Marine Soldier a</Text>
     <Text>Marine Soldier b</Text>
     <Text>Chinese Soldier a</Text>
     <Text>Chinese Soldier b</Text>
     <Text>Chinese Soldier c</Text>
     <Text>Chinese Soldier d</Text>
     <Text>Chinese Soldier e</Text>
     <Text>Chinese Soldier f</Text>
     <Text>Chinese Officer a</Text>
     <Text>Chinese Officer b</Text>
     <Text>Chinese Scientist a</Text>
     <Text>Chinese Scientist b</Text>
     <Text>Chinese Scientist Female a</Text>
     <Text>Chinese Scientist Female b</Text>
     <Text>Filmcrew Member</Text>
     <Text>Morrison</Text>
     <Text>C17 Pilot a</Text>
     <Text>C17 Pilot b</Text>
     <Text>Submarine Commander Davis</Text>
     <Text>Pilot (camera)</Text>
     <Text>Bridge officer 1</Text>
     <Text>Bridge officer 2</Text>
     <Text>Carrier deck guide</Text>
     <Text>Jet Pilot</Text>
     <Text>VTOL Pilot</Text>
     <Text>Commander (camera)</Text>
     <Text>Team Two (camera)</Text>
    </Crn>
   </Xct>
  </SupBook>
  <WindowHeight>10770</WindowHeight>
  <WindowWidth>19095</WindowWidth>
  <WindowTopX>-15</WindowTopX>
  <WindowTopY>-15</WindowTopY>
  <RefModeR1C1/>
  <ProtectStructure>False</ProtectStructure>
  <ProtectWindows>False</ProtectWindows>
 </ExcelWorkbook>
 <Styles>
  <Style ss:ID="Default" ss:Name="Normal">
   <Alignment ss:Vertical="Bottom"/>
   <Borders/>
   <Font ss:FontName="Arial" x:Family="Swiss"/>
   <Interior/>
   <NumberFormat/>
   <Protection/>
  </Style>
  <Style ss:ID="s62">
   <Alignment ss:Vertical="Top" ss:WrapText="1"/>
   <Borders/>
  </Style>
  <Style ss:ID="s63">
   <Alignment ss:Vertical="Top" ss:WrapText="1"/>
   <Borders>
    <Border ss:Position="Right" ss:LineStyle="Continuous" ss:Weight="1"/>
   </Borders>
  </Style>
  <Style ss:ID="s64">
   <Alignment ss:Vertical="Top" ss:WrapText="1"/>
   <Borders/>
   <Font ss:FontName="Arial" x:Family="Swiss"/>
  </Style>
  <Style ss:ID="s65">
   <Alignment ss:Horizontal="Center" ss:Vertical="Top" ss:WrapText="1"/>
   <Borders/>
  </Style>
  <Style ss:ID="s67">
   <Alignment ss:Horizontal="Center" ss:Vertical="Top" ss:WrapText="1"/>
   <Borders>
    <Border ss:Position="Right" ss:LineStyle="Continuous" ss:Weight="1"/>
   </Borders>
  </Style>
  <Style ss:ID="s68">
   <Alignment ss:Horizontal="Center" ss:Vertical="Top" ss:WrapText="1"/>
   <Borders>
    <Border ss:Position="Bottom" ss:LineStyle="Continuous" ss:Weight="1"/>
    <Border ss:Position="Left" ss:LineStyle="Continuous" ss:Weight="1"/>
    <Border ss:Position="Right" ss:LineStyle="Continuous" ss:Weight="1"/>
    <Border ss:Position="Top" ss:LineStyle="Continuous" ss:Weight="1"/>
   </Borders>
   <Font ss:FontName="Courier New" x:Family="Modern" ss:Color="#FFFFFF" ss:Bold="1"/>
   <Interior ss:Color="#FFCC00" ss:Pattern="Solid"/>
  </Style>
  <Style ss:ID="s69">
   <Alignment ss:Horizontal="Center" ss:Vertical="Top" ss:WrapText="1"/>
   <Borders>
    <Border ss:Position="Bottom" ss:LineStyle="Continuous" ss:Weight="1"/>
    <Border ss:Position="Left" ss:LineStyle="Continuous" ss:Weight="1"/>
    <Border ss:Position="Right" ss:LineStyle="Continuous" ss:Weight="1"/>
    <Border ss:Position="Top" ss:LineStyle="Continuous" ss:Weight="1"/>
   </Borders>
   <Font ss:FontName="Courier New" x:Family="Modern" ss:Color="#FFFFFF" ss:Bold="1"/>
   <Interior ss:Color="#FF0000" ss:Pattern="Solid"/>
  </Style>
  <Style ss:ID="s71">
   <Alignment ss:Horizontal="Center" ss:Vertical="Top" ss:WrapText="1"/>
   <Borders>
    <Border ss:Position="Right" ss:LineStyle="Continuous" ss:Weight="1"/>
    <Border ss:Position="Top" ss:LineStyle="Continuous" ss:Weight="1"/>
   </Borders>
   <Font ss:FontName="Arial" x:Family="Swiss" ss:Color="#FFFFFF" ss:Bold="1"/>
   <Interior ss:Color="#666699" ss:Pattern="Solid"/>
  </Style>
  <Style ss:ID="s72">
   <Alignment ss:Horizontal="Center" ss:Vertical="Top" ss:WrapText="1"/>
   <Borders>
    <Border ss:Position="Bottom" ss:LineStyle="Continuous" ss:Weight="1"/>
    <Border ss:Position="Left" ss:LineStyle="Continuous" ss:Weight="1"/>
    <Border ss:Position="Right" ss:LineStyle="Continuous" ss:Weight="1"/>
    <Border ss:Position="Top" ss:LineStyle="Continuous" ss:Weight="1"/>
   </Borders>
   <Font ss:FontName="Courier New" x:Family="Modern" ss:Color="#FFFFFF" ss:Bold="1"/>
   <Interior ss:Color="#666699" ss:Pattern="Solid"/>
  </Style>
  <Style ss:ID="s73">
   <Alignment ss:Vertical="Top" ss:WrapText="1"/>
   <Borders>
    <Border ss:Position="Bottom" ss:LineStyle="Continuous" ss:Weight="1"/>
    <Border ss:Position="Left" ss:LineStyle="Continuous" ss:Weight="1"/>
    <Border ss:Position="Right" ss:LineStyle="Continuous" ss:Weight="1"/>
    <Border ss:Position="Top" ss:LineStyle="Continuous" ss:Weight="1"/>
   </Borders>
   <Interior ss:Color="#FFCC00" ss:Pattern="Solid"/>
  </Style>
  <Style ss:ID="s75">
   <Alignment ss:Vertical="Top" ss:WrapText="1"/>
   <Borders>
    <Border ss:Position="Bottom" ss:LineStyle="Continuous" ss:Weight="1"/>
    <Border ss:Position="Left" ss:LineStyle="Continuous" ss:Weight="1"/>
    <Border ss:Position="Right" ss:LineStyle="Continuous" ss:Weight="1"/>
    <Border ss:Position="Top" ss:LineStyle="Continuous" ss:Weight="1"/>
   </Borders>
   <Interior/>
  </Style>
  <Style ss:ID="s76">
   <Alignment ss:Horizontal="Center" ss:Vertical="Top" ss:WrapText="1"/>
   <Borders>
    <Border ss:Position="Bottom" ss:LineStyle="Continuous" ss:Weight="1"/>
    <Border ss:Position="Right" ss:LineStyle="Continuous" ss:Weight="1"/>
    <Border ss:Position="Top" ss:LineStyle="Continuous" ss:Weight="1"/>
   </Borders>
   <Font ss:FontName="Arial" x:Family="Swiss"/>
   <Interior ss:Color="#FFCC00" ss:Pattern="Solid"/>
  </Style>
  <Style ss:ID="s88">
   <Alignment ss:Horizontal="Center" ss:Vertical="Top" ss:WrapText="1"/>
   <Borders>
    <Border ss:Position="Bottom" ss:LineStyle="Continuous" ss:Weight="1"/>
    <Border ss:Position="Left" ss:LineStyle="Continuous" ss:Weight="1"/>
    <Border ss:Position="Right" ss:LineStyle="Continuous" ss:Weight="1"/>
    <Border ss:Position="Top" ss:LineStyle="Continuous" ss:Weight="1"/>
   </Borders>
   <Font ss:FontName="굴림" x:CharSet="129" x:Family="Modern" ss:Color="#FFFFFF"
    ss:Bold="1"/>
   <Interior ss:Color="#99CC00" ss:Pattern="Solid"/>
  </Style>
  <Style ss:ID="s89">
   <Alignment ss:Horizontal="Center" ss:Vertical="Top" ss:WrapText="1"/>
   <Borders>
    <Border ss:Position="Bottom" ss:LineStyle="Continuous" ss:Weight="1"/>
    <Border ss:Position="Left" ss:LineStyle="Continuous" ss:Weight="1"/>
    <Border ss:Position="Right" ss:LineStyle="Continuous" ss:Weight="1"/>
    <Border ss:Position="Top" ss:LineStyle="Continuous" ss:Weight="1"/>
   </Borders>
   <Font ss:FontName="굴림" x:CharSet="129" x:Family="Modern" ss:Color="#FFFFFF"
    ss:Bold="1"/>
   <Interior ss:Color="#666699" ss:Pattern="Solid"/>
  </Style>
  <Style ss:ID="s90">
   <Alignment ss:Vertical="Top" ss:WrapText="1"/>
   <Borders>
    <Border ss:Position="Bottom" ss:LineStyle="Continuous" ss:Weight="1"/>
    <Border ss:Position="Left" ss:LineStyle="Continuous" ss:Weight="1"/>
    <Border ss:Position="Right" ss:LineStyle="Continuous" ss:Weight="1"/>
    <Border ss:Position="Top" ss:LineStyle="Continuous" ss:Weight="1"/>
   </Borders>
   <Font ss:FontName="굴림" x:CharSet="129" x:Family="Modern"/>
   <Interior ss:Color="#FFCC00" ss:Pattern="Solid"/>
  </Style>
  <Style ss:ID="s91">
   <Alignment ss:Vertical="Top" ss:WrapText="1"/>
   <Borders/>
   <Font ss:FontName="굴림" x:CharSet="129" x:Family="Modern"/>
  </Style>
  <Style ss:ID="s92">
   <Alignment ss:Vertical="Bottom"/>
   <Borders/>
   <Font ss:FontName="굴림" x:CharSet="129" x:Family="Modern"/>
   <Interior/>
   <NumberFormat/>
   <Protection/>
  </Style>
 </Styles>
 <Names>
  <NamedRange ss:Name="characters"
   ss:RefersTo="='\DOCUME~1\jack\LOCALS~1\Temp\p4v\PC025 perforce 1666\data\Game02\Game\Languages\[Copy of Dialog_Asset_List_Final_edit.xls]DropDown'!R10C1:R10C42"/>
  <NamedRange ss:Name="type"
   ss:RefersTo="='\DOCUME~1\jack\LOCALS~1\Temp\p4v\PC025 perforce 1666\data\Game02\Game\Languages\[Copy of Dialog_Asset_List_Final_edit.xls]DropDown'!R7C1:R7C5"/>
 </Names>
 <Worksheet ss:Name="Sheet1">
  <Names>
   <NamedRange ss:Name="Print_Area" ss:RefersTo="=Sheet1!R1C3:R2C4"/>
  </Names>
  <Table ss:ExpandedColumnCount="5" ss:ExpandedRowCount="20" x:FullColumns="1"
   x:FullRows="1" ss:StyleID="s62">
   <Column ss:StyleID="s63" ss:AutoFitWidth="0" ss:Width="13.5"/>
   <Column ss:StyleID="s64" ss:Width="278.25"/>
   <Column ss:StyleID="s62" ss:AutoFitWidth="0" ss:Width="251.25"/>
   <Column ss:StyleID="s91" ss:AutoFitWidth="0" ss:Width="248.25"/>
   <Column ss:StyleID="s62" ss:AutoFitWidth="0" ss:Width="160.5"/>
   <Row ss:AutoFitHeight="0" ss:Height="51" ss:StyleID="s65">
    <Cell ss:StyleID="s67"/>
    <Cell ss:StyleID="s68"><Data ss:Type="String">KEY</Data></Cell>
    <Cell ss:StyleID="s69"><Data ss:Type="String">ORIGINAL TEXT</Data><NamedCell
      ss:Name="Print_Area"/></Cell>
    <Cell ss:StyleID="s88"><Data ss:Type="String">TRANSLATED TEXT</Data><NamedCell
      ss:Name="Print_Area"/></Cell>
    <Cell><Data ss:Type="String">CONTEXT</Data></Cell>
   </Row>
   <Row ss:AutoFitHeight="0" ss:Height="38.25" ss:StyleID="s65">
    <Cell ss:StyleID="s67"/>
    <Cell ss:StyleID="s71"/>
    <Cell ss:StyleID="s72"><Data ss:Type="String">This contains original text meant for subtitles. Use descriptive expressions like &lt;frantic laughter&gt; and ## for a new line.</Data><NamedCell
      ss:Name="Print_Area"/></Cell>
    <Cell ss:StyleID="s89"><Data ss:Type="String">This contains text for subtitles. Use descriptive expressions like &lt;frantic laughter&gt; and ## for a new line</Data><NamedCell
      ss:Name="Print_Area"/></Cell>
   </Row>
   <Row ss:AutoFitHeight="0" ss:Height="14.25" ss:StyleID="s73">
    <Cell ss:StyleID="s75"/>
    <Cell ss:StyleID="s76"/>
    <Cell ss:Index="4" ss:StyleID="s90"/>
   </Row>
   <Row ss:AutoFitHeight="0" ss:Height="89.25">
    <Cell ss:Index="2"><Data ss:Type="String">menu_splashscreen_legal_text</Data></Cell>
    <Cell><Data ss:Type="String">© 2011 Crytek GmbH. All Rights Reserved. Crytek, Crysis and CryENGINE are trademarks or registered trademarks of Crytek GmbH in the U.S and/or other countries. EA, and the EA logo are trademarks of Electronic Arts Inc. All other trademarks are the property of their respective owners. User interface © 2005 – 2011 Scaleform Corporation.</Data></Cell>
    <Cell><Data ss:Type="String">© 2011 Crytek GmbH. All Rights Reserved. Crytek, Crysis and CryENGINE are trademarks or registered trademarks of Crytek GmbH in the U.S and/or other countries. EA, and the EA logo are trademarks of Electronic Arts Inc. All other trademarks are the property of their respective owners. User interface © 2005 – 2010 Scaleform Corporation.</Data></Cell>
   </Row>
   <Row>
    <Cell ss:Index="2"><Data ss:Type="String">menu_savingmessage_saving_content_dont_turn_console_off</Data></Cell>
    <Cell><Data ss:Type="String"></Data></Cell>
    <Cell><Data ss:Type="String"></Data></Cell>
   </Row>
   <Row ss:AutoFitHeight="0" ss:Height="51">
    <Cell ss:Index="2"><Data ss:Type="String">hud_saveIconBootMessage1</Data></Cell>
    <Cell><Data ss:Type="String">THIS GAME SUPPORTS AN AUTOSAVE FEATURE.\nWHEN YOU SEE THIS ICON</Data></Cell>
    <Cell><Data ss:Type="String">THIS GAME SUPPORTS AN AUTOSAVE FEATURE.\nWHEN YOU SEE THIS ICON</Data></Cell>
   </Row>
   <Row ss:AutoFitHeight="0" ss:Height="25.5">
    <Cell ss:Index="2"><Data ss:Type="String">hud_saveIconBootMessage2</Data></Cell>
    <Cell><Data ss:Type="String">PLEASE DON'T TURN OFF YOUR CONSOLE OR REMOVE THE STORAGE DEVICE.</Data></Cell>
    <Cell><Data ss:Type="String">PLEASE DON'T TURN OFF YOUR CONSOLE OR REMOVE THE STORAGE DEVICE.</Data></Cell>
   </Row>
   <Row>
    <Cell ss:Index="2"><Data ss:Type="String">menu_press_start_continue</Data></Cell>
    <Cell><Data ss:Type="String">PRESS START TO CONTINUE</Data></Cell>
    <Cell><Data ss:Type="String">PRESS START TO CONTINUE</Data></Cell>
   </Row>
   <Row>
    <Cell ss:Index="2"><Data ss:Type="String">ui_menu_controller_disconnected</Data></Cell>
    <Cell><Data ss:Type="String">Please reconnect controller %1</Data></Cell>
    <Cell><Data ss:Type="String">Please reconnect controller %1</Data></Cell>
   </Row>
   <Row>
    <Cell ss:Index="2" ss:StyleID="s62"><Data ss:Type="String">ui_warning_stereo</Data></Cell>
    <Cell><Data ss:Type="String">STEREOSCOPIC 3D</Data></Cell>
    <Cell><Data ss:Type="String">STEREOSCOPIC 3D</Data></Cell>
   </Row>
   <Row ss:AutoFitHeight="0" ss:Height="51">
    <Cell ss:Index="2" ss:StyleID="s62"><Data ss:Type="String">ui_warning_stereo_body</Data></Cell>
    <Cell><Data ss:Type="String">STEREOSCOPIC 3D MAY CAUSE DISCOMFORT, EYE STRAINS, EYE FATIGUE OR NAUSEA FOR SOME PEOPLE. DO YOU WANT STILL TO CONTINUE?</Data></Cell>
    <Cell><Data ss:Type="String">STEREOSCOPIC 3D MAY CAUSE DISCOMFORT, EYE STRAINS, EYE FATIGUE OR NAUSEA FOR SOME PEOPLE. DO YOU WANT STILL TO CONTINUE?</Data></Cell>
   </Row>
   <Row ss:AutoFitHeight="0" ss:Height="27">
    <Cell ss:Index="2" ss:StyleID="s62"><Data ss:Type="String">ui_warning_stereo1080_body</Data></Cell>
    <Cell><Data ss:Type="String">Stereo 3D requires an output resolution of 1080p. Please ensure you adjust your settings</Data></Cell>
    <Cell><Data ss:Type="String">Stereo 3D requires an output resolution of 1080p. Please ensure you adjust your settings</Data></Cell>
   </Row>
   <Row ss:AutoFitHeight="0" ss:Height="38.25">
    <Cell ss:Index="2"><Data ss:Type="String">ui_invite_select_controller</Data></Cell>
    <Cell ss:StyleID="Default"><Data ss:Type="String">Confirm this message with the controller you wish to use.</Data></Cell>
    <Cell ss:StyleID="s92"><Data ss:Type="String">Confirm this message with the controller you wish to use.</Data></Cell>
    <Cell><Data ss:Type="String">This string is only present on Xbox360 and PC (with Xbox controller).</Data></Cell>
   </Row>
   <Row ss:AutoFitHeight="0" ss:Height="51">
    <Cell ss:Index="2" ss:StyleID="s62"><Data ss:Type="String">ui_menu_s3d_hint</Data></Cell>
    <Cell><Data ss:Type="String">A 3D TV is required to play the game in stereo 3D\n Enable side-by-side mode in the options menu and then on your 3D TV\n You can change the stereo 3D strength from the ingame menu</Data></Cell>
    <Cell><Data ss:Type="String">A 3D TV is required to play the game in stereo 3D\n Enable side-by-side mode in the options menu and then on your 3D TV\n You can change the stereo 3D strength from the ingame menu</Data></Cell>
   </Row>
   <Row ss:AutoFitHeight="0" ss:Height="25.5">
    <Cell ss:Index="2"><Data ss:Type="String">ui_menu_signin_body_loading_sp</Data></Cell>
    <Cell><Data ss:Type="String">A sign-in change occurred. You will be returned to the title screen when loading has completed.</Data></Cell>
    <Cell><Data ss:Type="String">A sign-in change occurred. You will be returned to the title screen when loading has completed.</Data></Cell>
   </Row>
   <Row ss:Index="17">
    <Cell ss:Index="2"><Data ss:Type="String">menu_btn_player_gamepadControls</Data></Cell>
    <Cell><Data ss:Type="String">GAMEPAD OPTIONS</Data></Cell>
    <Cell><Data ss:Type="String">GAMEPAD OPTIONS</Data></Cell>
   </Row>
   <Row>
    <Cell ss:Index="2"><Data ss:Type="String">menu_tooltip_gamepadControls</Data></Cell>
    <Cell><Data ss:Type="String">CHANGE THE GAMEPAD OPTIONS</Data></Cell>
    <Cell><Data ss:Type="String">CHANGE THE GAMEPAD OPTIONS</Data></Cell>
   </Row>
   <Row ss:Index="20" ss:AutoFitHeight="0" ss:Height="38.25">
    <Cell ss:Index="2" ss:StyleID="s62"><Data ss:Type="String">ui_delete_save</Data></Cell>
    <Cell><Data ss:Type="String">This will permanently delete the selected content from your system.\n\nAre you absolutely sure you want to delete this save file?</Data></Cell>
    <Cell><Data ss:Type="String">This will permanently delete the selected content from your system.\n\nAre you absolutely sure you want to delete this save file?</Data></Cell>
   </Row>
  </Table>
  <WorksheetOptions xmlns="urn:schemas-microsoft-com:office:excel">
   <PageSetup>
    <Layout x:Orientation="Landscape"/>
    <Header x:Margin="0.51181102362204722"
     x:Data="&amp;LTime restriction sample script"/>
    <Footer x:Margin="0.51181102362204722" x:Data="Page &amp;P"/>
    <PageMargins x:Bottom="0.98425196850393704" x:Left="0" x:Right="0"
     x:Top="0.98425196850393704"/>
   </PageSetup>
   <Print>
    <ValidPrinterInfo/>
    <PaperSizeIndex>9</PaperSizeIndex>
    <Scale>70</Scale>
    <HorizontalResolution>600</HorizontalResolution>
    <VerticalResolution>600</VerticalResolution>
   </Print>
   <Selected/>
   <TopRowVisible>3</TopRowVisible>
   <Panes>
    <Pane>
     <Number>3</Number>
     <ActiveRow>1</ActiveRow>
     <ActiveCol>1</ActiveCol>
    </Pane>
   </Panes>
   <ProtectObjects>False</ProtectObjects>
   <ProtectScenarios>False</ProtectScenarios>
  </WorksheetOptions>
 </Worksheet>
</Workbook>
